Year,Team,matches_total,wins_total,draws_total,losses_total,goals_for_total,goals_against_total,avg_attendance,away_matches,home_matches,away_wins,home_wins,away_avg_attendance,home_avg_attendance,win_attendance_avg,away_win_attendance_avg,home_win_attendance_avg,goal_balance_total,win_rate_total,home_win_rate,away_win_rate,home_away_win_rate_delta,attendance_win_minus_avg,home_away_win_attendance_delta,HostCountry,Winner,QualifiedTeams,tournament_matches_played,tournament_attendance,is_host_team,is_world_cup_winner
1930.0,Argentina,5,4,0,1,18.0,9.0,49640.0,1.0,4.0,0.0,4.0,68346.0,44963.5,44963.5,0.0,44963.5,9.0,0.8,1.0,0.0,1.0,-4676.5,44963.5,Uruguay,Uruguay,13,18,590549,0,0
1930.0,Belgium,2,0,0,2,0.0,4.0,15173.0,2.0,0.0,0.0,0.0,15173.0,0.0,0.0,0.0,0.0,-4.0,0.0,0.0,0.0,0.0,-15173.0,0.0,Uruguay,Uruguay,13,18,590549,0,0
1930.0,Bolivia,2,0,0,2,0.0,8.0,21886.0,2.0,0.0,0.0,0.0,21886.0,0.0,0.0,0.0,0.0,-8.0,0.0,0.0,0.0,0.0,-21886.0,0.0,Uruguay,Uruguay,13,18,590549,0,0
1930.0,Brazil,2,1,0,1,5.0,2.0,24762.5,1.0,1.0,0.0,1.0,24059.0,25466.0,25466.0,0.0,25466.0,3.0,0.5,1.0,0.0,1.0,703.5,25466.0,Uruguay,Uruguay,13,18,590549,0,0
1930.0,Chile,3,2,0,1,5.0,3.0,17569.333333333332,1.0,2.0,0.0,2.0,41459.0,5624.5,5624.5,0.0,5624.5,2.0,0.6666666666666666,1.0,0.0,1.0,-11944.833333333332,5624.5,Uruguay,Uruguay,13,18,590549,0,0
1930.0,France,3,1,0,2,4.0,3.0,9951.0,2.0,1.0,0.0,1.0,12704.5,4444.0,4444.0,0.0,4444.0,1.0,0.3333333333333333,1.0,0.0,1.0,-5507.0,4444.0,Uruguay,Uruguay,13,18,590549,0,0
1930.0,Mexico,3,0,0,3,4.0,13.0,18597.666666666668,3.0,0.0,0.0,0.0,18597.666666666668,0.0,0.0,0.0,0.0,-9.0,0.0,0.0,0.0,0.0,-18597.666666666668,0.0,Uruguay,Uruguay,13,18,590549,0,0
1930.0,Paraguay,2,1,0,1,1.0,3.0,15153.0,1.0,1.0,0.0,1.0,18306.0,12000.0,12000.0,0.0,12000.0,-2.0,0.5,1.0,0.0,1.0,-3153.0,12000.0,Uruguay,Uruguay,13,18,590549,0,0
1930.0,Peru,2,0,0,2,1.0,4.0,30142.0,2.0,0.0,0.0,0.0,30142.0,0.0,0.0,0.0,0.0,-3.0,0.0,0.0,0.0,0.0,-30142.0,0.0,Uruguay,Uruguay,13,18,590549,0,0
1930.0,Romania,2,1,0,1,3.0,5.0,36285.5,1.0,1.0,0.0,1.0,70022.0,2549.0,2549.0,0.0,2549.0,-2.0,0.5,1.0,0.0,1.0,-33736.5,2549.0,Uruguay,Uruguay,13,18,590549,0,0
1930.0,USA,3,2,0,1,7.0,6.0,36512.666666666664,1.0,2.0,0.0,2.0,72886.0,18326.0,18326.0,0.0,18326.0,1.0,0.6666666666666666,1.0,0.0,1.0,-18186.666666666664,18326.0,Uruguay,Uruguay,13,18,590549,0,0
1930.0,Uruguay,4,4,0,0,15.0,3.0,68992.5,0.0,4.0,0.0,4.0,0.0,68992.5,68992.5,0.0,68992.5,12.0,1.0,1.0,0.0,0.0,0.0,68992.5,Uruguay,Uruguay,13,18,590549,1,1
1930.0,Yugoslavia,3,2,0,1,7.0,7.0,40744.0,1.0,2.0,0.0,2.0,79867.0,21182.5,21182.5,0.0,21182.5,0.0,0.6666666666666666,1.0,0.0,1.0,-19561.5,21182.5,Uruguay,Uruguay,13,18,590549,0,0
1934.0,Argentina,1,0,0,1,2.0,3.0,14000.0,1.0,0.0,0.0,0.0,14000.0,0.0,0.0,0.0,0.0,-1.0,0.0,0.0,0.0,0.0,-14000.0,0.0,Italy,Italy,16,17,363000,0,0
1934.0,Austria,4,2,0,2,7.0,7.0,20250.0,2.0,2.0,0.0,2.0,21000.0,19500.0,19500.0,0.0,19500.0,0.0,0.5,1.0,0.0,1.0,-750.0,19500.0,Italy,Italy,16,17,363000,0,0
1934.0,Belgium,1,0,0,1,2.0,5.0,8000.0,1.0,0.0,0.0,0.0,8000.0,0.0,0.0,0.0,0.0,-3.0,0.0,0.0,0.0,0.0,-8000.0,0.0,Italy,Italy,16,17,363000,0,0
1934.0,Brazil,1,0,0,1,1.0,3.0,21000.0,1.0,0.0,0.0,0.0,21000.0,0.0,0.0,0.0,0.0,-2.0,0.0,0.0,0.0,0.0,-21000.0,0.0,Italy,Italy,16,17,363000,0,0
1934.0,Czechoslovakia,4,3,0,1,9.0,6.0,22750.0,1.0,3.0,0.0,3.0,55000.0,12000.0,12000.0,0.0,12000.0,3.0,0.75,1.0,0.0,1.0,-10750.0,12000.0,Italy,Italy,16,17,363000,0,0
1934.0,Egypt,1,0,0,1,2.0,4.0,9000.0,1.0,0.0,0.0,0.0,9000.0,0.0,0.0,0.0,0.0,-2.0,0.0,0.0,0.0,0.0,-9000.0,0.0,Italy,Italy,16,17,363000,0,0
1934.0,France,1,0,0,1,2.0,3.0,16000.0,1.0,0.0,0.0,0.0,16000.0,0.0,0.0,0.0,0.0,-1.0,0.0,0.0,0.0,0.0,-16000.0,0.0,Italy,Italy,16,17,363000,0,0
1934.0,Germany,4,3,0,1,11.0,8.0,8250.0,1.0,3.0,0.0,3.0,15000.0,6000.0,6000.0,0.0,6000.0,3.0,0.75,1.0,0.0,1.0,-2250.0,6000.0,Italy,Italy,16,17,363000,0,0
1934.0,Hungary,2,1,0,1,5.0,4.0,16000.0,1.0,1.0,0.0,1.0,23000.0,9000.0,9000.0,0.0,9000.0,1.0,0.5,1.0,0.0,1.0,-7000.0,9000.0,Italy,Italy,16,17,363000,0,0
1934.0,Italy,5,4,1,0,12.0,3.0,38600.0,0.0,5.0,0.0,4.0,0.0,38600.0,39500.0,0.0,39500.0,9.0,0.8,0.8,0.0,0.0,900.0,39500.0,Italy,Italy,16,17,363000,1,1
1934.0,Netherlands,1,0,0,1,2.0,3.0,33000.0,1.0,0.0,0.0,0.0,33000.0,0.0,0.0,0.0,0.0,-1.0,0.0,0.0,0.0,0.0,-33000.0,0.0,Italy,Italy,16,17,363000,0,0
1934.0,Romania,1,0,0,1,1.0,2.0,9000.0,1.0,0.0,0.0,0.0,9000.0,0.0,0.0,0.0,0.0,-1.0,0.0,0.0,0.0,0.0,-9000.0,0.0,Italy,Italy,16,17,363000,0,0
1934.0,Spain,3,1,1,1,4.0,3.0,33000.0,2.0,1.0,0.0,1.0,39000.0,21000.0,21000.0,0.0,21000.0,1.0,0.3333333333333333,1.0,0.0,1.0,-12000.0,21000.0,Italy,Italy,16,17,363000,0,0
1934.0,Sweden,2,1,0,1,4.0,4.0,8500.0,1.0,1.0,0.0,1.0,3000.0,14000.0,14000.0,0.0,14000.0,0.0,0.5,1.0,0.0,1.0,5500.0,14000.0,Italy,Italy,16,17,363000,0,0
1934.0,Switzerland,2,1,0,1,5.0,5.0,22500.0,1.0,1.0,0.0,1.0,12000.0,33000.0,33000.0,0.0,33000.0,0.0,0.5,1.0,0.0,1.0,10500.0,33000.0,Italy,Italy,16,17,363000,0,0
1934.0,USA,1,0,0,1,1.0,7.0,25000.0,1.0,0.0,0.0,0.0,25000.0,0.0,0.0,0.0,0.0,-6.0,0.0,0.0,0.0,0.0,-25000.0,0.0,Italy,Italy,16,17,363000,0,0
1938.0,Belgium,1,0,0,1,1.0,3.0,30454.0,1.0,0.0,0.0,0.0,30454.0,0.0,0.0,0.0,0.0,-2.0,0.0,0.0,0.0,0.0,-30454.0,0.0,France,Italy,15,18,375700,0,0
1938.0,Brazil,5,3,1,1,14.0,11.0,19722.8,1.0,4.0,0.0,3.0,33000.0,16403.5,14531.0,0.0,14531.0,3.0,0.6,0.75,0.0,0.75,-5191.799999999999,14531.0,France,Italy,15,18,375700,0,0
1938.0,Cuba,3,1,1,1,5.0,12.0,7333.333333333333,1.0,2.0,0.0,1.0,7000.0,7500.0,8000.0,0.0,8000.0,-7.0,0.3333333333333333,0.5,0.0,0.5,666.666666666667,8000.0,France,Italy,15,18,375700,0,0
1938.0,Czechoslovakia,3,1,1,1,5.0,3.0,17054.0,2.0,1.0,0.0,1.0,20081.0,11000.0,11000.0,0.0,11000.0,2.0,0.3333333333333333,1.0,0.0,1.0,-6054.0,11000.0,France,Italy,15,18,375700,0,0
1938.0,Dutch East Indies,1,0,0,1,0.0,6.0,9000.0,1.0,0.0,0.0,0.0,9000.0,0.0,0.0,0.0,0.0,-6.0,0.0,0.0,0.0,0.0,-9000.0,0.0,France,Italy,15,18,375700,0,0
1938.0,France,2,1,0,1,4.0,4.0,44454.5,1.0,1.0,0.0,1.0,58455.0,30454.0,30454.0,0.0,30454.0,0.0,0.5,1.0,0.0,1.0,-14000.5,30454.0,France,Italy,15,18,375700,1,0
1938.0,Germany,2,0,1,1,3.0,5.0,23588.5,2.0,0.0,0.0,0.0,23588.5,0.0,0.0,0.0,0.0,-2.0,0.0,0.0,0.0,0.0,-23588.5,0.0,France,Italy,15,18,375700,0,0
1938.0,Hungary,4,3,0,1,15.0,5.0,22250.0,1.0,3.0,0.0,3.0,45000.0,14666.666666666666,14666.666666666666,0.0,14666.666666666666,10.0,0.75,1.0,0.0,1.0,-7583.333333333334,14666.666666666666,France,Italy,15,18,375700,0,0
1938.0,Italy,4,4,0,0,11.0,5.0,38863.75,0.0,4.0,0.0,4.0,0.0,38863.75,38863.75,0.0,38863.75,6.0,1.0,1.0,0.0,0.0,0.0,38863.75,France,Italy,15,18,375700,0,1
1938.0,Netherlands,1,0,0,1,0.0,3.0,11000.0,1.0,0.0,0.0,0.0,11000.0,0.0,0.0,0.0,0.0,-3.0,0.0,0.0,0.0,0.0,-11000.0,0.0,France,Italy,15,18,375700,0,0
1938.0,Norway,1,0,0,1,1.0,2.0,19000.0,1.0,0.0,0.0,0.0,19000.0,0.0,0.0,0.0,0.0,-1.0,0.0,0.0,0.0,0.0,-19000.0,0.0,France,Italy,15,18,375700,0,0
1938.0,Poland,1,0,0,1,5.0,6.0,13452.0,1.0,0.0,0.0,0.0,13452.0,0.0,0.0,0.0,0.0,-1.0,0.0,0.0,0.0,0.0,-13452.0,0.0,France,Italy,15,18,375700,0,0
1938.0,Romania,2,0,1,1,4.0,5.0,7500.0,2.0,0.0,0.0,0.0,7500.0,0.0,0.0,0.0,0.0,-1.0,0.0,0.0,0.0,0.0,-7500.0,0.0,France,Italy,15,18,375700,0,0
1938.0,Sweden,3,1,0,2,11.0,9.0,13000.0,2.0,1.0,0.0,1.0,16000.0,7000.0,7000.0,0.0,7000.0,2.0,0.3333333333333333,1.0,0.0,1.0,-6000.0,7000.0,France,Italy,15,18,375700,0,0
1938.0,Switzerland,3,1,1,1,5.0,5.0,20725.666666666668,1.0,2.0,0.0,1.0,15000.0,23588.5,20025.0,0.0,20025.0,0.0,0.3333333333333333,0.5,0.0,0.5,-700.6666666666679,20025.0,France,Italy,15,18,375700,0,0
1950.0,Bolivia,1,0,0,1,0.0,8.0,5284.0,1.0,0.0,0.0,0.0,5284.0,0.0,0.0,0.0,0.0,-8.0,0.0,0.0,0.0,0.0,-5284.0,0.0,Brazil,Uruguay,13,22,1045246,0,0
1950.0,Brazil,6,4,1,1,22.0,6.0,121936.33333333333,1.0,5.0,0.0,4.0,173850.0,111553.6,128934.0,0.0,128934.0,16.0,0.6666666666666666,0.8,0.0,0.8,6997.6666666666715,128934.0,Brazil,Uruguay,13,22,1045246,1,0
1950.0,Chile,3,1,0,2,5.0,6.0,19331.333333333332,2.0,1.0,0.0,1.0,24746.5,8501.0,8501.0,0.0,8501.0,-1.0,0.3333333333333333,1.0,0.0,1.0,-10830.333333333332,8501.0,Brazil,Uruguay,13,22,1045246,0,0
1950.0,England,3,1,0,2,2.0,2.0,38105.333333333336,2.0,1.0,0.0,1.0,42306.5,29703.0,29703.0,0.0,29703.0,0.0,0.3333333333333333,1.0,0.0,1.0,-8402.333333333336,29703.0,Brazil,Uruguay,13,22,1045246,0,0
1950.0,Italy,2,1,0,1,4.0,3.0,31156.5,1.0,1.0,0.0,1.0,36502.0,25811.0,25811.0,0.0,25811.0,1.0,0.5,1.0,0.0,1.0,-5345.5,25811.0,Brazil,Uruguay,13,22,1045246,0,0
1950.0,Mexico,3,0,0,3,2.0,10.0,32102.333333333332,3.0,0.0,0.0,0.0,32102.333333333332,0.0,0.0,0.0,0.0,-8.0,0.0,0.0,0.0,0.0,-32102.333333333332,0.0,Brazil,Uruguay,13,22,1045246,0,0
1950.0,Paraguay,2,0,1,1,2.0,4.0,16857.0,2.0,0.0,0.0,0.0,16857.0,0.0,0.0,0.0,0.0,-2.0,0.0,0.0,0.0,0.0,-16857.0,0.0,Brazil,Uruguay,13,22,1045246,0,0
1950.0,Spain,6,3,1,2,10.0,12.0,52094.0,3.0,3.0,0.0,3.0,69600.33333333333,34587.666666666664,34587.666666666664,0.0,34587.666666666664,-2.0,0.5,1.0,0.0,1.0,-17506.333333333336,34587.666666666664,Brazil,Uruguay,13,22,1045246,0,0
1950.0,Sweden,5,2,1,2,11.0,15.0,40501.0,2.0,3.0,0.0,2.0,73436.5,18544.0,23864.5,0.0,23864.5,-4.0,0.4,0.6666666666666666,0.0,0.6666666666666666,-16636.5,23864.5,Brazil,Uruguay,13,22,1045246,0,0
1950.0,Switzerland,3,1,1,1,4.0,6.0,17649.333333333332,2.0,1.0,0.0,1.0,24684.0,3580.0,3580.0,0.0,3580.0,-2.0,0.3333333333333333,1.0,0.0,1.0,-14069.333333333332,3580.0,Brazil,Uruguay,13,22,1045246,0,0
1950.0,USA,3,1,0,2,4.0,8.0,9387.666666666666,2.0,1.0,0.0,1.0,9006.0,10151.0,10151.0,0.0,10151.0,-4.0,0.3333333333333333,1.0,0.0,1.0,763.3333333333339,10151.0,Brazil,Uruguay,13,22,1045246,0,0
1950.0,Uruguay,4,3,1,0,15.0,5.0,57980.75,0.0,4.0,0.0,3.0,0.0,57980.75,62373.666666666664,0.0,62373.666666666664,10.0,0.75,0.75,0.0,0.0,4392.916666666664,62373.666666666664,Brazil,Uruguay,13,22,1045246,0,1
1950.0,Yugoslavia,3,2,0,1,7.0,3.0,53614.333333333336,1.0,2.0,0.0,2.0,142429.0,9207.0,9207.0,0.0,9207.0,4.0,0.6666666666666666,1.0,0.0,1.0,-44407.333333333336,9207.0,Brazil,Uruguay,13,22,1045246,0,0
1954.0,Austria,5,4,0,1,17.0,12.0,35200.0,1.0,4.0,0.0,4.0,58000.0,29500.0,29500.0,0.0,29500.0,5.0,0.8,1.0,0.0,1.0,-5700.0,29500.0,Switzerland,Germany FR,16,26,768607,0,0
1954.0,Belgium,2,0,1,1,5.0,8.0,19000.0,2.0,0.0,0.0,0.0,19000.0,0.0,0.0,0.0,0.0,-3.0,0.0,0.0,0.0,0.0,-19000.0,0.0,Switzerland,Germany FR,16,26,768607,0,0
1954.0,Brazil,3,1,1,1,8.0,5.0,26035.666666666668,1.0,2.0,0.0,1.0,40000.0,19053.5,13470.0,0.0,13470.0,3.0,0.3333333333333333,0.5,0.0,0.5,-12565.666666666668,13470.0,Switzerland,Germany FR,16,26,768607,0,0
1954.0,Czechoslovakia,2,0,0,2,0.0,7.0,23250.0,2.0,0.0,0.0,0.0,23250.0,0.0,0.0,0.0,0.0,-7.0,0.0,0.0,0.0,0.0,-23250.0,0.0,Switzerland,Germany FR,16,26,768607,0,0
1954.0,England,3,1,1,1,8.0,8.0,28500.0,1.0,2.0,0.0,1.0,28000.0,28750.0,43500.0,0.0,43500.0,0.0,0.3333333333333333,0.5,0.0,0.5,15000.0,43500.0,Switzerland,Germany FR,16,26,768607,0,0
1954.0,France,2,1,0,1,3.0,3.0,17500.0,1.0,1.0,0.0,1.0,16000.0,19000.0,19000.0,0.0,19000.0,0.0,0.5,1.0,0.0,1.0,1500.0,19000.0,Switzerland,Germany FR,16,26,768607,0,0
1954.0,Germany FR,6,5,0,1,25.0,14.0,39750.0,1.0,5.0,0.0,5.0,56000.0,36500.0,36500.0,0.0,36500.0,11.0,0.8333333333333334,1.0,0.0,1.0,-3250.0,36500.0,Switzerland,Germany FR,16,26,768607,0,1
1954.0,Hungary,5,4,0,1,27.0,10.0,43300.0,1.0,4.0,0.0,4.0,62500.0,38500.0,38500.0,0.0,38500.0,17.0,0.8,1.0,0.0,1.0,-4800.0,38500.0,Switzerland,Germany FR,16,26,768607,0,0
1954.0,Italy,3,1,0,2,6.0,7.0,32333.333333333332,2.0,1.0,0.0,1.0,36500.0,24000.0,24000.0,0.0,24000.0,-1.0,0.3333333333333333,1.0,0.0,1.0,-8333.333333333332,24000.0,Switzerland,Germany FR,16,26,768607,0,0
1954.0,Korea Republic,2,0,0,2,0.0,16.0,8500.0,2.0,0.0,0.0,0.0,8500.0,0.0,0.0,0.0,0.0,-16.0,0.0,0.0,0.0,0.0,-8500.0,0.0,Switzerland,Germany FR,16,26,768607,0,0
1954.0,Mexico,2,0,0,2,2.0,8.0,16235.0,2.0,0.0,0.0,0.0,16235.0,0.0,0.0,0.0,0.0,-6.0,0.0,0.0,0.0,0.0,-16235.0,0.0,Switzerland,Germany FR,16,26,768607,0,0
1954.0,Scotland,2,0,0,2,0.0,8.0,29500.0,2.0,0.0,0.0,0.0,29500.0,0.0,0.0,0.0,0.0,-8.0,0.0,0.0,0.0,0.0,-29500.0,0.0,Switzerland,Germany FR,16,26,768607,0,0
1954.0,Switzerland,4,2,0,2,11.0,11.0,37875.0,2.0,2.0,0.0,2.0,39250.0,36500.0,36500.0,0.0,36500.0,0.0,0.5,1.0,0.0,1.0,-1375.0,36500.0,Switzerland,Germany FR,16,26,768607,1,0
1954.0,Turkey,3,1,0,2,10.0,11.0,16333.333333333334,2.0,1.0,0.0,1.0,22500.0,4000.0,4000.0,0.0,4000.0,-1.0,0.3333333333333333,1.0,0.0,1.0,-12333.333333333334,4000.0,Switzerland,Germany FR,16,26,768607,0,0
1954.0,Uruguay,5,3,0,2,16.0,9.0,31900.0,2.0,3.0,0.0,3.0,38500.0,27500.0,27500.0,0.0,27500.0,7.0,0.6,1.0,0.0,1.0,-4400.0,27500.0,Switzerland,Germany FR,16,26,768607,0,0
1954.0,Yugoslavia,3,1,1,1,2.0,3.0,19212.333333333332,2.0,1.0,0.0,1.0,20818.5,16000.0,16000.0,0.0,16000.0,-1.0,0.3333333333333333,1.0,0.0,1.0,-3212.333333333332,16000.0,Switzerland,Germany FR,16,26,768607,0,0
1958.0,Argentina,3,1,0,2,5.0,10.0,20582.666666666668,1.0,2.0,0.0,1.0,16418.0,22665.0,14174.0,0.0,14174.0,-5.0,0.3333333333333333,0.5,0.0,0.5,-6408.666666666668,14174.0,Sweden,Brazil,16,35,819810,0,0
1958.0,Austria,3,0,1,2,2.0,7.0,18299.666666666668,3.0,0.0,0.0,0.0,18299.666666666668,0.0,0.0,0.0,0.0,-5.0,0.0,0.0,0.0,0.0,-18299.666666666668,0.0,Sweden,Brazil,16,35,819810,0,0
1958.0,Brazil,6,5,1,0,16.0,4.0,35395.166666666664,0.0,6.0,0.0,5.0,0.0,35395.166666666664,34295.2,0.0,34295.2,12.0,0.8333333333333334,0.8333333333333334,0.0,0.0,-1099.9666666666672,34295.2,Sweden,Brazil,16,35,819810,0,1
1958.0,Czechoslovakia,4,1,1,2,9.0,6.0,14565.25,3.0,1.0,0.0,1.0,13947.666666666666,16418.0,16418.0,0.0,16418.0,3.0,0.25,1.0,0.0,1.0,1852.75,16418.0,Sweden,Brazil,16,35,819810,0,0
1958.0,England,4,0,3,1,4.0,5.0,32324.25,3.0,1.0,0.0,0.0,37808.333333333336,15872.0,0.0,0.0,0.0,-1.0,0.0,0.0,0.0,0.0,-32324.25,0.0,Sweden,Brazil,16,35,819810,0,0
1958.0,France,6,4,0,2,23.0,15.0,18945.333333333332,2.0,4.0,0.0,4.0,19658.5,18588.75,18588.75,0.0,18588.75,8.0,0.6666666666666666,1.0,0.0,1.0,-356.5833333333321,18588.75,Sweden,Brazil,16,35,819810,0,0
1958.0,Germany FR,6,2,2,2,12.0,14.0,30025.833333333332,3.0,3.0,1.0,1.0,37703.333333333336,22348.333333333332,25605.5,31156.0,20055.0,-2.0,0.3333333333333333,0.3333333333333333,0.3333333333333333,0.0,-4420.333333333332,-11101.0,Sweden,Brazil,16,35,819810,0,0
1958.0,Hungary,4,1,1,2,7.0,5.0,17579.0,2.0,2.0,0.0,1.0,20836.5,14321.5,13300.0,0.0,13300.0,2.0,0.25,0.5,0.0,0.5,-4279.0,13300.0,Sweden,Brazil,16,35,819810,0,0
1958.0,Mexico,3,0,1,2,1.0,8.0,20852.333333333332,2.0,1.0,0.0,0.0,23703.5,15150.0,0.0,0.0,0.0,-7.0,0.0,0.0,0.0,0.0,-20852.333333333332,0.0,Sweden,Brazil,16,35,819810,0,0
1958.0,Northern Ireland,5,2,1,2,6.0,10.0,12961.4,3.0,2.0,0.0,2.0,15988.0,8421.5,8421.5,0.0,8421.5,-4.0,0.4,1.0,0.0,1.0,-4539.9,8421.5,Sweden,Brazil,16,35,819810,0,0
1958.0,Paraguay,3,1,1,1,9.0,12.0,13762.0,1.0,2.0,0.0,1.0,16518.0,12384.0,11665.0,0.0,11665.0,-3.0,0.3333333333333333,0.5,0.0,0.5,-2097.0,11665.0,Sweden,Brazil,16,35,819810,0,0
1958.0,Scotland,3,0,1,2,4.0,6.0,11603.333333333334,3.0,0.0,0.0,0.0,11603.333333333334,0.0,0.0,0.0,0.0,-2.0,0.0,0.0,0.0,0.0,-11603.333333333334,0.0,Sweden,Brazil,16,35,819810,0,0
1958.0,Soviet Union,5,2,1,2,5.0,6.0,35319.4,2.0,3.0,0.0,2.0,41414.0,31256.333333333332,22210.5,0.0,22210.5,-1.0,0.4,0.6666666666666666,0.0,0.6666666666666666,-13108.900000000001,22210.5,Sweden,Brazil,16,35,819810,0,0
1958.0,Sweden,6,4,1,1,12.0,7.0,39058.666666666664,1.0,5.0,0.0,4.0,49737.0,36923.0,38582.0,0.0,38582.0,5.0,0.6666666666666666,0.8,0.0,0.8,-476.66666666666424,38582.0,Sweden,Brazil,16,35,819810,1,0
1958.0,Wales,5,1,3,1,4.0,4.0,17905.2,4.0,1.0,0.0,1.0,21675.75,2823.0,2823.0,0.0,2823.0,0.0,0.2,1.0,0.0,1.0,-15082.2,2823.0,Sweden,Brazil,16,35,819810,0,0
1958.0,Yugoslavia,4,1,2,1,7.0,7.0,13741.5,2.0,2.0,0.0,1.0,16579.0,10904.0,12217.0,0.0,12217.0,0.0,0.25,0.5,0.0,0.5,-1524.5,12217.0,Sweden,Brazil,16,35,819810,0,0
1962.0,Argentina,3,1,1,1,2.0,3.0,8291.0,2.0,1.0,0.0,1.0,8869.5,7134.0,7134.0,0.0,7134.0,-1.0,0.3333333333333333,1.0,0.0,1.0,-1157.0,7134.0,Chile,Brazil,16,32,893172,0,0
1962.0,Brazil,6,5,1,0,14.0,5.0,34518.5,0.0,6.0,0.0,5.0,0.0,34518.5,38441.6,0.0,38441.6,9.0,0.8333333333333334,0.8333333333333334,0.0,0.0,3923.0999999999985,38441.6,Chile,Brazil,16,32,893172,0,1
1962.0,Bulgaria,3,0,1,2,1.0,7.0,6758.666666666667,3.0,0.0,0.0,0.0,6758.666666666667,0.0,0.0,0.0,0.0,-6.0,0.0,0.0,0.0,0.0,-6758.666666666667,0.0,Chile,Brazil,16,32,893172,0,0
1962.0,Chile,6,4,0,2,10.0,8.0,59807.666666666664,2.0,4.0,0.0,4.0,71909.0,53757.0,53757.0,0.0,53757.0,2.0,0.6666666666666666,1.0,0.0,1.0,-6050.666666666664,53757.0,Chile,Brazil,16,32,893172,1,0
1962.0,Colombia,3,0,1,2,5.0,11.0,7705.0,3.0,0.0,0.0,0.0,7705.0,0.0,0.0,0.0,0.0,-6.0,0.0,0.0,0.0,0.0,-7705.0,0.0,Chile,Brazil,16,32,893172,0,0
1962.0,Czechoslovakia,6,3,1,2,7.0,7.0,20751.666666666668,3.0,3.0,0.0,3.0,31410.0,10093.333333333334,10093.333333333334,0.0,10093.333333333334,0.0,0.5,1.0,0.0,1.0,-10658.333333333334,10093.333333333334,Chile,Brazil,16,32,893172,0,0
1962.0,England,4,1,1,2,5.0,6.0,10292.0,2.0,2.0,0.0,1.0,12837.0,7747.0,9794.0,0.0,9794.0,-1.0,0.25,0.5,0.0,0.5,-498.0,9794.0,Chile,Brazil,16,32,893172,0,0
1962.0,Germany FR,4,2,1,1,4.0,2.0,65227.5,1.0,3.0,0.0,2.0,63324.0,65862.0,66073.0,0.0,66073.0,2.0,0.5,0.6666666666666666,0.0,0.6666666666666666,845.5,66073.0,Chile,Brazil,16,32,893172,0,0
1962.0,Hungary,4,2,1,1,8.0,3.0,8753.75,1.0,3.0,0.0,2.0,11690.0,7775.0,7690.0,0.0,7690.0,5.0,0.5,0.6666666666666666,0.0,0.6666666666666666,-1063.75,7690.0,Chile,Brazil,16,32,893172,0,0
1962.0,Italy,3,1,1,1,3.0,2.0,63775.0,2.0,1.0,0.0,1.0,65748.5,59828.0,59828.0,0.0,59828.0,1.0,0.3333333333333333,1.0,0.0,1.0,-3947.0,59828.0,Chile,Brazil,16,32,893172,0,0
1962.0,Mexico,3,1,0,2,3.0,4.0,11002.333333333334,2.0,1.0,0.0,1.0,11179.5,10648.0,10648.0,0.0,10648.0,-1.0,0.3333333333333333,1.0,0.0,1.0,-354.33333333333394,10648.0,Chile,Brazil,16,32,893172,0,0
1962.0,Soviet Union,4,2,1,1,9.0,7.0,11225.75,1.0,3.0,0.0,2.0,17268.0,9211.666666666666,9797.5,0.0,9797.5,2.0,0.5,0.6666666666666666,0.0,0.6666666666666666,-1428.25,9797.5,Chile,Brazil,16,32,893172,0,0
1962.0,Spain,3,1,0,2,2.0,3.0,14430.0,2.0,1.0,0.0,1.0,15707.5,11875.0,11875.0,0.0,11875.0,-1.0,0.3333333333333333,1.0,0.0,1.0,-2555.0,11875.0,Chile,Brazil,16,32,893172,0,0
1962.0,Switzerland,3,0,0,3,2.0,8.0,63252.0,3.0,0.0,0.0,0.0,63252.0,0.0,0.0,0.0,0.0,-6.0,0.0,0.0,0.0,0.0,-63252.0,0.0,Chile,Brazil,16,32,893172,0,0
1962.0,Uruguay,3,1,0,2,4.0,6.0,8903.333333333334,2.0,1.0,0.0,1.0,9401.0,7908.0,7908.0,0.0,7908.0,-2.0,0.3333333333333333,1.0,0.0,1.0,-995.3333333333339,7908.0,Chile,Brazil,16,32,893172,0,0
1962.0,Yugoslavia,6,3,0,3,10.0,7.0,26921.5,3.0,3.0,0.0,3.0,27403.0,26440.0,26440.0,0.0,26440.0,3.0,0.5,1.0,0.0,1.0,-481.5,26440.0,Chile,Brazil,16,32,893172,0,0
1966.0,Argentina,4,2,1,1,4.0,2.0,53009.0,2.0,2.0,0.0,2.0,68585.5,37432.5,37432.5,0.0,37432.5,2.0,0.5,1.0,0.0,1.0,-15576.5,37432.5,England,England,16,32,1563135,0,0
1966.0,Brazil,3,1,0,2,4.0,6.0,52391.333333333336,2.0,1.0,0.0,1.0,54933.0,47308.0,47308.0,0.0,47308.0,-2.0,0.3333333333333333,1.0,0.0,1.0,-5083.333333333336,47308.0,England,England,16,32,1563135,0,0
1966.0,Bulgaria,3,0,0,3,1.0,8.0,32291.666666666668,3.0,0.0,0.0,0.0,32291.666666666668,0.0,0.0,0.0,0.0,-7.0,0.0,0.0,0.0,0.0,-32291.666666666668,0.0,England,England,16,32,1563135,0,0
1966.0,Chile,3,0,1,2,2.0,5.0,19006.0,3.0,0.0,0.0,0.0,19006.0,0.0,0.0,0.0,0.0,-3.0,0.0,0.0,0.0,0.0,-19006.0,0.0,England,England,16,32,1563135,0,0
1966.0,England,6,5,1,0,11.0,3.0,93331.5,0.0,6.0,0.0,5.0,0.0,93331.5,94568.2,0.0,94568.2,8.0,0.8333333333333334,0.8333333333333334,0.0,0.0,1236.699999999997,94568.2,England,England,16,32,1563135,1,1
1966.0,France,3,0,1,2,2.0,5.0,71056.33333333333,2.0,1.0,0.0,0.0,71966.0,69237.0,0.0,0.0,0.0,-3.0,0.0,0.0,0.0,0.0,-71056.33333333333,0.0,England,England,16,32,1563135,0,0
1966.0,Germany FR,6,4,1,1,15.0,6.0,50017.5,1.0,5.0,0.0,4.0,96924.0,40636.2,39148.5,0.0,39148.5,9.0,0.6666666666666666,0.8,0.0,0.8,-10869.0,39148.5,England,England,16,32,1563135,0,0
1966.0,Hungary,4,2,0,2,8.0,7.0,33061.5,2.0,2.0,0.0,2.0,28365.0,37758.0,37758.0,0.0,37758.0,1.0,0.5,1.0,0.0,1.0,4696.5,37758.0,England,England,16,32,1563135,0,0
1966.0,Italy,3,1,0,2,2.0,2.0,24273.666666666668,2.0,1.0,0.0,1.0,22811.0,27199.0,27199.0,0.0,27199.0,0.0,0.3333333333333333,1.0,0.0,1.0,2925.333333333332,27199.0,England,England,16,32,1563135,0,0
1966.0,Korea DPR,4,1,1,2,5.0,9.0,23718.75,2.0,2.0,0.0,1.0,31627.0,15810.5,17829.0,0.0,17829.0,-4.0,0.25,0.5,0.0,0.5,-5889.75,17829.0,England,England,16,32,1563135,0,0
1966.0,Mexico,3,0,2,1,1.0,3.0,74306.33333333333,3.0,0.0,0.0,0.0,74306.33333333333,0.0,0.0,0.0,0.0,-2.0,0.0,0.0,0.0,0.0,-74306.33333333333,0.0,England,England,16,32,1563135,0,0
1966.0,Portugal,6,5,0,1,17.0,8.0,56040.0,1.0,5.0,0.0,5.0,94493.0,48349.4,48349.4,0.0,48349.4,9.0,0.8333333333333334,1.0,0.0,1.0,-7690.5999999999985,48349.4,England,England,16,32,1563135,0,0
1966.0,Soviet Union,6,4,0,2,10.0,6.0,36606.5,2.0,4.0,0.0,4.0,62984.5,23417.5,23417.5,0.0,23417.5,4.0,0.6666666666666666,1.0,0.0,1.0,-13189.0,23417.5,England,England,16,32,1563135,0,0
1966.0,Spain,3,1,0,2,4.0,5.0,38984.333333333336,2.0,1.0,0.0,1.0,42462.5,32028.0,32028.0,0.0,32028.0,-1.0,0.3333333333333333,1.0,0.0,1.0,-6956.333333333336,32028.0,England,England,16,32,1563135,0,0
1966.0,Switzerland,3,0,0,3,1.0,9.0,33427.333333333336,3.0,0.0,0.0,0.0,33427.333333333336,0.0,0.0,0.0,0.0,-8.0,0.0,0.0,0.0,0.0,-33427.333333333336,0.0,England,England,16,32,1563135,0,0
1966.0,Uruguay,4,1,2,1,2.0,5.0,58482.25,2.0,2.0,0.0,1.0,63577.5,53387.0,45662.0,0.0,45662.0,-3.0,0.25,0.5,0.0,0.5,-12820.25,45662.0,England,England,16,32,1563135,0,0
1970.0,Belgium,3,1,0,2,4.0,5.0,98552.66666666667,2.0,1.0,0.0,1.0,101726.5,92205.0,92205.0,0.0,92205.0,-1.0,0.3333333333333333,1.0,0.0,1.0,-6347.6666666666715,92205.0,Mexico,Brazil,16,32,1603975,0,0
1970.0,Brazil,6,6,0,0,19.0,7.0,63908.333333333336,0.0,6.0,0.0,6.0,0.0,63908.333333333336,63908.333333333336,0.0,63908.333333333336,12.0,1.0,1.0,0.0,0.0,0.0,63908.333333333336,Mexico,Brazil,16,32,1603975,0,1
1970.0,Bulgaria,3,0,1,2,5.0,9.0,12924.666666666666,2.0,1.0,0.0,0.0,13237.5,12299.0,0.0,0.0,0.0,-4.0,0.0,0.0,0.0,0.0,-12924.666666666666,0.0,Mexico,Brazil,16,32,1603975,0,0
1970.0,Czechoslovakia,3,0,0,3,2.0,7.0,53002.333333333336,3.0,0.0,0.0,0.0,53002.333333333336,0.0,0.0,0.0,0.0,-5.0,0.0,0.0,0.0,0.0,-53002.333333333336,0.0,Mexico,Brazil,16,32,1603975,0,0
1970.0,El Salvador,3,0,0,3,0.0,9.0,95080.66666666667,3.0,0.0,0.0,0.0,95080.66666666667,0.0,0.0,0.0,0.0,-9.0,0.0,0.0,0.0,0.0,-95080.66666666667,0.0,Mexico,Brazil,16,32,1603975,0,0
1970.0,England,4,2,0,2,4.0,4.0,47513.0,2.0,2.0,0.0,2.0,45100.0,49926.0,49926.0,0.0,49926.0,0.0,0.5,1.0,0.0,1.0,2413.0,49926.0,Mexico,Brazil,16,32,1603975,0,0
1970.0,Germany FR,6,5,0,1,17.0,10.0,45621.833333333336,1.0,5.0,0.0,5.0,102444.0,34257.4,34257.4,0.0,34257.4,7.0,0.8333333333333334,1.0,0.0,1.0,-11364.433333333334,34257.4,Mexico,Brazil,16,32,1603975,0,0
1970.0,Israel,3,0,2,1,1.0,3.0,13389.333333333334,3.0,0.0,0.0,0.0,13389.333333333334,0.0,0.0,0.0,0.0,-2.0,0.0,0.0,0.0,0.0,-13389.333333333334,0.0,Mexico,Brazil,16,32,1603975,0,0
1970.0,Italy,6,3,2,1,10.0,8.0,48333.0,2.0,4.0,0.0,3.0,68690.0,38154.5,47576.0,0.0,47576.0,2.0,0.5,0.75,0.0,0.75,-757.0,47576.0,Mexico,Brazil,16,32,1603975,0,0
1970.0,Mexico,4,2,1,1,6.0,4.0,86315.25,1.0,3.0,0.0,2.0,26851.0,106136.66666666667,105625.0,0.0,105625.0,2.0,0.5,0.6666666666666666,0.0,0.6666666666666666,19309.75,105625.0,Mexico,Brazil,16,32,1603975,1,0
1970.0,Morocco,3,0,1,2,2.0,6.0,12926.0,3.0,0.0,0.0,0.0,12926.0,0.0,0.0,0.0,0.0,-4.0,0.0,0.0,0.0,0.0,-12926.0,0.0,Mexico,Brazil,16,32,1603975,0,0
1970.0,Peru,4,2,0,2,9.0,9.0,24852.5,2.0,2.0,0.0,2.0,36054.0,13651.0,13651.0,0.0,13651.0,0.0,0.5,1.0,0.0,1.0,-11201.5,13651.0,Mexico,Brazil,16,32,1603975,0,0
1970.0,Romania,3,1,0,2,4.0,5.0,52727.333333333336,2.0,1.0,0.0,1.0,50682.0,56818.0,56818.0,0.0,56818.0,-1.0,0.3333333333333333,1.0,0.0,1.0,4090.6666666666642,56818.0,Mexico,Brazil,16,32,1603975,0,0
1970.0,Soviet Union,4,2,1,1,6.0,2.0,79621.25,2.0,2.0,0.0,2.0,66622.5,92620.0,92620.0,0.0,92620.0,4.0,0.5,1.0,0.0,1.0,12998.75,92620.0,Mexico,Brazil,16,32,1603975,0,0
1970.0,Sweden,3,1,1,1,2.0,2.0,13740.0,1.0,2.0,0.0,1.0,13433.0,13893.5,18163.0,0.0,18163.0,0.0,0.3333333333333333,0.5,0.0,0.5,4423.0,18163.0,Mexico,Brazil,16,32,1603975,0,0
1970.0,Uruguay,6,2,1,3,4.0,5.0,41755.666666666664,3.0,3.0,0.0,2.0,57942.333333333336,25569.0,23369.5,0.0,23369.5,-1.0,0.3333333333333333,0.6666666666666666,0.0,0.6666666666666666,-18386.166666666664,23369.5,Mexico,Brazil,16,32,1603975,0,0
1974.0,Argentina,6,1,2,3,9.0,12.0,46483.666666666664,2.0,4.0,0.0,1.0,44624.0,47413.5,25900.0,0.0,25900.0,-3.0,0.16666666666666666,0.25,0.0,0.25,-20583.666666666664,25900.0,Germany,Germany FR,16,38,1865753,0,0
1974.0,Australia,3,0,1,2,0.0,5.0,29233.333333333332,1.0,2.0,0.0,0.0,17000.0,35350.0,0.0,0.0,0.0,-5.0,0.0,0.0,0.0,0.0,-29233.333333333332,0.0,Germany,Germany FR,16,38,1865753,0,0
1974.0,Brazil,7,3,2,2,6.0,4.0,55751.857142857145,4.0,3.0,2.0,1.0,47825.0,66321.0,45154.333333333336,37800.0,59863.0,2.0,0.42857142857142855,0.3333333333333333,0.5,-0.16666666666666669,-10597.52380952381,22063.0,Germany,Germany FR,16,38,1865753,0,0
1974.0,Bulgaria,3,0,2,1,2.0,5.0,30166.666666666668,1.0,2.0,0.0,0.0,23800.0,33350.0,0.0,0.0,0.0,-3.0,0.0,0.0,0.0,0.0,-30166.666666666668,0.0,Germany,Germany FR,16,38,1865753,0,0
1974.0,Chile,3,0,2,1,1.0,2.0,42266.666666666664,2.0,1.0,0.0,0.0,49250.0,28300.0,0.0,0.0,0.0,-1.0,0.0,0.0,0.0,0.0,-42266.666666666664,0.0,Germany,Germany FR,16,38,1865753,0,0
1974.0,German DR,6,2,2,2,5.0,5.0,47994.166666666664,3.0,3.0,0.0,2.0,47472.333333333336,48516.0,38600.0,0.0,38600.0,0.0,0.3333333333333333,0.6666666666666666,0.0,0.6666666666666666,-9394.166666666664,38600.0,Germany,Germany FR,16,38,1865753,0,0
1974.0,Germany FR,7,6,0,1,13.0,4.0,67140.71428571429,5.0,2.0,4.0,2.0,64217.0,74450.0,68297.5,65221.25,74450.0,9.0,0.8571428571428571,1.0,0.8,0.19999999999999996,1156.7857142857101,9228.75,Germany,Germany FR,16,38,1865753,0,1
1974.0,Haiti,3,0,0,3,2.0,14.0,34733.333333333336,2.0,1.0,0.0,0.0,39450.0,25300.0,0.0,0.0,0.0,-12.0,0.0,0.0,0.0,0.0,-34733.333333333336,0.0,Germany,Germany FR,16,38,1865753,0,0
1974.0,Italy,3,1,1,1,5.0,4.0,64400.0,2.0,1.0,0.0,1.0,70100.0,53000.0,53000.0,0.0,53000.0,1.0,0.3333333333333333,1.0,0.0,1.0,-11400.0,53000.0,Germany,Germany FR,16,38,1865753,0,0
1974.0,Netherlands,7,5,1,1,15.0,3.0,59842.28571428572,3.0,4.0,3.0,2.0,58916.0,60537.0,57399.2,58916.0,55124.0,12.0,0.7142857142857143,0.5,1.0,-0.5,-2443.0857142857203,-3792.0,Germany,Germany FR,16,38,1865753,0,0
1974.0,Poland,7,6,0,1,16.0,5.0,52879.28571428572,3.0,4.0,3.0,3.0,49118.333333333336,55700.0,51359.166666666664,49118.333333333336,53600.0,11.0,0.8571428571428571,0.75,1.0,-0.25,-1520.1190476190532,4481.666666666664,Germany,Germany FR,16,38,1865753,0,0
1974.0,Scotland,3,1,2,0,3.0,1.0,48333.333333333336,1.0,2.0,1.0,0.0,27000.0,59000.0,27000.0,27000.0,0.0,2.0,0.3333333333333333,0.0,1.0,-1.0,-21333.333333333336,-27000.0,Germany,Germany FR,16,38,1865753,0,0
1974.0,Sweden,6,2,2,2,7.0,6.0,43309.166666666664,2.0,4.0,0.0,2.0,60750.0,34588.75,34800.0,0.0,34800.0,1.0,0.3333333333333333,0.5,0.0,0.5,-8509.166666666664,34800.0,Germany,Germany FR,16,38,1865753,0,0
1974.0,Uruguay,3,0,1,2,1.0,6.0,32266.666666666668,2.0,1.0,0.0,0.0,20850.0,55100.0,0.0,0.0,0.0,-5.0,0.0,0.0,0.0,0.0,-32266.666666666668,0.0,Germany,Germany FR,16,38,1865753,0,0
1974.0,Yugoslavia,6,1,2,3,12.0,7.0,52730.833333333336,4.0,2.0,0.0,1.0,54325.0,49542.5,31700.0,0.0,31700.0,5.0,0.16666666666666666,0.5,0.0,0.5,-21030.833333333336,31700.0,Germany,Germany FR,16,38,1865753,0,0
1974.0,Zaire,3,0,0,3,0.0,14.0,31633.333333333332,1.0,2.0,0.0,0.0,31700.0,31600.0,0.0,0.0,0.0,-14.0,0.0,0.0,0.0,0.0,-31633.333333333332,0.0,Germany,Germany FR,16,38,1865753,0,0
1978.0,Argentina,7,5,1,1,15.0,4.0,56886.857142857145,1.0,6.0,0.0,5.0,71712.0,54416.0,57834.0,0.0,57834.0,11.0,0.7142857142857143,0.8333333333333334,0.0,0.8333333333333334,947.1428571428551,57834.0,Argentina,Argentina,16,38,1545791,1,1
1978.0,Austria,6,3,0,3,7.0,10.0,41258.166666666664,3.0,3.0,0.0,3.0,42322.0,40194.333333333336,40194.333333333336,0.0,40194.333333333336,-3.0,0.5,1.0,0.0,1.0,-1063.8333333333285,40194.333333333336,Argentina,Argentina,16,38,1545791,0,0
1978.0,Brazil,7,4,3,0,10.0,3.0,40058.57142857143,2.0,5.0,0.0,4.0,34947.5,42103.0,43936.0,0.0,43936.0,7.0,0.5714285714285714,0.8,0.0,0.8,3877.4285714285725,43936.0,Argentina,Argentina,16,38,1545791,0,0
1978.0,France,3,1,0,2,5.0,5.0,45722.0,2.0,1.0,0.0,1.0,57019.5,23127.0,23127.0,0.0,23127.0,0.0,0.3333333333333333,1.0,0.0,1.0,-22595.0,23127.0,Argentina,Argentina,16,38,1545791,0,0
1978.0,Germany FR,6,1,4,1,10.0,5.0,46686.5,1.0,5.0,0.0,1.0,38318.0,48360.2,35258.0,0.0,35258.0,5.0,0.16666666666666666,0.2,0.0,0.2,-11428.5,35258.0,Argentina,Argentina,16,38,1545791,0,0
1978.0,Hungary,3,0,0,3,3.0,8.0,40425.0,3.0,0.0,0.0,0.0,40425.0,0.0,0.0,0.0,0.0,-5.0,0.0,0.0,0.0,0.0,-40425.0,0.0,Argentina,Argentina,16,38,1545791,0,0
1978.0,IR Iran,2,0,1,1,1.0,4.0,20684.5,2.0,0.0,0.0,0.0,20684.5,0.0,0.0,0.0,0.0,-3.0,0.0,0.0,0.0,0.0,-20684.5,0.0,Argentina,Argentina,16,38,1545791,0,0
1978.0,Iran,1,0,0,1,1.0,4.0,21262.0,1.0,0.0,0.0,0.0,21262.0,0.0,0.0,0.0,0.0,-3.0,0.0,0.0,0.0,0.0,-21262.0,0.0,Argentina,Argentina,16,38,1545791,0,0
1978.0,Italy,7,4,1,2,9.0,6.0,58850.28571428572,3.0,4.0,0.0,4.0,68213.0,51828.25,51828.25,0.0,51828.25,3.0,0.5714285714285714,1.0,0.0,1.0,-7022.035714285717,51828.25,Argentina,Argentina,16,38,1545791,0,0
1978.0,Mexico,3,0,0,3,2.0,12.0,25101.666666666668,3.0,0.0,0.0,0.0,25101.666666666668,0.0,0.0,0.0,0.0,-10.0,0.0,0.0,0.0,0.0,-25101.666666666668,0.0,Argentina,Argentina,16,38,1545791,0,0
1978.0,Netherlands,7,3,2,2,15.0,10.0,43057.42857142857,3.0,4.0,0.0,3.0,49121.0,38509.75,41971.333333333336,0.0,41971.333333333336,5.0,0.42857142857142855,0.75,0.0,0.75,-1086.0952380952367,41971.333333333336,Argentina,Argentina,16,38,1545791,0,0
1978.0,Peru,6,2,1,3,7.0,12.0,31865.833333333332,4.0,2.0,0.0,2.0,33001.5,29594.5,29594.5,0.0,29594.5,-5.0,0.3333333333333333,1.0,0.0,1.0,-2271.333333333332,29594.5,Argentina,Argentina,16,38,1545791,0,0
1978.0,Poland,6,3,1,2,6.0,6.0,35303.166666666664,3.0,3.0,0.0,3.0,48085.333333333336,22521.0,22521.0,0.0,22521.0,0.0,0.5,1.0,0.0,1.0,-12782.166666666664,22521.0,Argentina,Argentina,16,38,1545791,0,0
1978.0,Scotland,3,1,1,1,5.0,6.0,26998.333333333332,1.0,2.0,0.0,1.0,37927.0,21534.0,35130.0,0.0,35130.0,-1.0,0.3333333333333333,0.5,0.0,0.5,8131.666666666668,35130.0,Argentina,Argentina,16,38,1545791,0,0
1978.0,Spain,3,1,1,1,2.0,2.0,39248.0,2.0,1.0,0.0,1.0,37806.0,42132.0,42132.0,0.0,42132.0,0.0,0.3333333333333333,1.0,0.0,1.0,2884.0,42132.0,Argentina,Argentina,16,38,1545791,0,0
1978.0,Sweden,3,0,1,2,1.0,3.0,38708.333333333336,2.0,1.0,0.0,0.0,41778.0,32569.0,0.0,0.0,0.0,-2.0,0.0,0.0,0.0,0.0,-38708.333333333336,0.0,Argentina,Argentina,16,38,1545791,0,0
1978.0,Tunisia,3,1,1,1,3.0,2.0,19229.0,2.0,1.0,0.0,1.0,20145.5,17396.0,17396.0,0.0,17396.0,1.0,0.3333333333333333,1.0,0.0,1.0,-1833.0,17396.0,Argentina,Argentina,16,38,1545791,0,0
1982.0,Algeria,3,2,0,1,5.0,5.0,26666.666666666668,1.0,2.0,1.0,1.0,42000.0,19000.0,29000.0,42000.0,16000.0,0.0,0.6666666666666666,0.5,1.0,-0.5,2333.333333333332,-26000.0,Spain,Italy,24,52,2109723,0,0
1982.0,Argentina,5,2,0,3,8.0,7.0,49318.6,1.0,4.0,0.0,2.0,43000.0,50898.25,32296.5,0.0,32296.5,1.0,0.4,0.5,0.0,0.5,-17022.1,32296.5,Spain,Italy,24,52,2109723,0,0
1982.0,Austria,5,2,1,2,5.0,4.0,28500.0,3.0,2.0,2.0,0.0,28500.0,28500.0,22250.0,22250.0,0.0,1.0,0.4,0.0,0.6666666666666666,-0.6666666666666666,-6250.0,-22250.0,Spain,Italy,24,52,2109723,0,0
1982.0,Belgium,5,2,1,2,3.0,5.0,51400.0,2.0,3.0,1.0,1.0,80000.0,32333.333333333332,55000.0,95000.0,15000.0,-2.0,0.4,0.3333333333333333,0.5,-0.16666666666666669,3600.0,-80000.0,Spain,Italy,24,52,2109723,0,0
1982.0,Brazil,5,4,0,1,15.0,6.0,49275.8,2.0,3.0,1.0,3.0,44000.0,52793.0,50594.75,44000.0,52793.0,9.0,0.8,1.0,0.5,0.5,1318.949999999997,8793.0,Spain,Italy,24,52,2109723,0,0
1982.0,Cameroon,3,0,3,0,1.0,1.0,16666.666666666668,3.0,0.0,0.0,0.0,16666.666666666668,0.0,0.0,0.0,0.0,0.0,0.0,0.0,0.0,0.0,-16666.666666666668,0.0,Spain,Italy,24,52,2109723,0,0
1982.0,Chile,3,0,0,3,3.0,8.0,26833.333333333332,2.0,1.0,0.0,0.0,29000.0,22500.0,0.0,0.0,0.0,-5.0,0.0,0.0,0.0,0.0,-26833.333333333332,0.0,Spain,Italy,24,52,2109723,0,0
1982.0,Czechoslovakia,3,0,2,1,2.0,4.0,31374.333333333332,2.0,1.0,0.0,0.0,34561.5,25000.0,0.0,0.0,0.0,-2.0,0.0,0.0,0.0,0.0,-31374.333333333332,0.0,Spain,Italy,24,52,2109723,0,0
1982.0,El Salvador,3,0,0,3,1.0,13.0,23500.0,3.0,0.0,0.0,0.0,23500.0,0.0,0.0,0.0,0.0,-12.0,0.0,0.0,0.0,0.0,-23500.0,0.0,Spain,Italy,24,52,2109723,0,0
1982.0,England,5,3,2,0,6.0,1.0,54999.0,2.0,3.0,0.0,3.0,75000.0,41665.0,41665.0,0.0,41665.0,5.0,0.6,1.0,0.0,1.0,-13334.0,41665.0,Spain,Italy,24,52,2109723,0,0
1982.0,France,7,3,2,2,16.0,12.0,39173.57142857143,4.0,3.0,1.0,2.0,44793.0,31681.0,34681.0,37000.0,33521.5,4.0,0.42857142857142855,0.6666666666666666,0.25,0.41666666666666663,-4492.5714285714275,-3478.5,Spain,Italy,24,52,2109723,0,0
1982.0,Germany FR,7,3,2,2,12.0,10.0,64298.42857142857,1.0,6.0,0.0,3.0,90000.0,60014.833333333336,57696.333333333336,0.0,57696.333333333336,2.0,0.42857142857142855,0.5,0.0,0.5,-6602.095238095237,57696.333333333336,Spain,Italy,24,52,2109723,0,0
1982.0,Honduras,3,0,2,1,2.0,3.0,29854.0,1.0,2.0,0.0,0.0,49562.0,20000.0,0.0,0.0,0.0,-1.0,0.0,0.0,0.0,0.0,-29854.0,0.0,Spain,Italy,24,52,2109723,0,0
1982.0,Hungary,3,1,1,1,12.0,6.0,30697.666666666668,2.0,1.0,0.0,1.0,34546.5,23000.0,23000.0,0.0,23000.0,6.0,0.3333333333333333,1.0,0.0,1.0,-7697.666666666668,23000.0,Spain,Italy,24,52,2109723,0,0
1982.0,Italy,7,4,3,0,12.0,6.0,43571.42857142857,1.0,6.0,1.0,3.0,50000.0,42500.0,56750.0,50000.0,59000.0,6.0,0.5714285714285714,0.5,1.0,-0.5,13178.571428571428,9000.0,Spain,Italy,24,52,2109723,0,1
1982.0,Kuwait,3,0,1,2,2.0,6.0,31581.0,3.0,0.0,0.0,0.0,31581.0,0.0,0.0,0.0,0.0,-4.0,0.0,0.0,0.0,0.0,-31581.0,0.0,Spain,Italy,24,52,2109723,0,0
1982.0,New Zealand,3,0,0,3,2.0,12.0,32666.666666666668,3.0,0.0,0.0,0.0,32666.666666666668,0.0,0.0,0.0,0.0,-10.0,0.0,0.0,0.0,0.0,-32666.666666666668,0.0,Spain,Italy,24,52,2109723,0,0
1982.0,Northern Ireland,5,1,3,1,5.0,7.0,29312.4,4.0,1.0,0.0,1.0,24250.0,49562.0,49562.0,0.0,49562.0,-2.0,0.2,1.0,0.0,1.0,20249.6,49562.0,Spain,Italy,24,52,2109723,0,0
1982.0,Peru,3,0,2,1,2.0,6.0,20333.333333333332,2.0,1.0,0.0,0.0,25000.0,11000.0,0.0,0.0,0.0,-4.0,0.0,0.0,0.0,0.0,-20333.333333333332,0.0,Spain,Italy,24,52,2109723,0,0
1982.0,Poland,7,3,3,1,11.0,5.0,40714.28571428572,1.0,6.0,0.0,3.0,33000.0,42000.0,39333.333333333336,0.0,39333.333333333336,6.0,0.42857142857142855,0.5,0.0,0.5,-1380.9523809523816,39333.333333333336,Spain,Italy,24,52,2109723,0,0
1982.0,Scotland,3,1,1,1,8.0,8.0,42793.0,2.0,1.0,0.0,1.0,46189.5,36000.0,36000.0,0.0,36000.0,0.0,0.3333333333333333,1.0,0.0,1.0,-6793.0,36000.0,Spain,Italy,24,52,2109723,0,0
1982.0,Soviet Union,5,2,2,1,7.0,4.0,48400.0,3.0,2.0,1.0,1.0,59333.333333333336,32000.0,32000.0,45000.0,19000.0,3.0,0.4,0.5,0.3333333333333333,0.16666666666666669,-16400.0,-26000.0,Spain,Italy,24,52,2109723,0,0
1982.0,Spain,5,1,2,2,4.0,5.0,62442.6,2.0,3.0,0.0,1.0,69825.5,57520.666666666664,48000.0,0.0,48000.0,-1.0,0.2,0.3333333333333333,0.0,0.3333333333333333,-14442.599999999999,48000.0,Spain,Italy,24,52,2109723,1,0
1982.0,Yugoslavia,3,1,1,1,2.0,2.0,32666.666666666668,2.0,1.0,1.0,0.0,36500.0,25000.0,25000.0,25000.0,0.0,0.0,0.3333333333333333,0.0,0.5,-0.5,-7666.666666666668,-25000.0,Spain,Italy,24,52,2109723,0,0
1986.0,Algeria,3,0,1,2,1.0,5.0,31326.666666666668,1.0,2.0,0.0,0.0,48000.0,22990.0,0.0,0.0,0.0,-4.0,0.0,0.0,0.0,0.0,-31326.666666666668,0.0,Mexico,Argentina,24,52,2394031,0,0
1986.0,Argentina,7,6,1,0,14.0,5.0,75240.0,1.0,6.0,0.0,6.0,32000.0,82446.66666666667,82446.66666666667,0.0,82446.66666666667,9.0,0.8571428571428571,1.0,0.0,1.0,7206.6666666666715,82446.66666666667,Mexico,Argentina,24,52,2394031,0,1
1986.0,Belgium,7,2,2,3,12.0,15.0,51253.857142857145,6.0,1.0,2.0,0.0,41462.833333333336,110000.0,26138.5,26138.5,0.0,-3.0,0.2857142857142857,0.0,0.3333333333333333,-0.3333333333333333,-25115.357142857145,-26138.5,Mexico,Argentina,24,52,2394031,0,0
1986.0,Brazil,5,4,1,0,10.0,1.0,48949.6,2.0,3.0,2.0,2.0,43374.0,52666.666666666664,44937.0,43374.0,46500.0,9.0,0.8,0.6666666666666666,1.0,-0.33333333333333337,-4012.5999999999985,3126.0,Mexico,Argentina,24,52,2394031,0,0
1986.0,Bulgaria,4,0,2,2,2.0,6.0,80145.0,3.0,1.0,0.0,0.0,74860.0,96000.0,0.0,0.0,0.0,-4.0,0.0,0.0,0.0,0.0,-80145.0,0.0,Mexico,Argentina,24,52,2394031,0,0
1986.0,Canada,3,0,0,3,0.0,5.0,31166.666666666668,2.0,1.0,0.0,0.0,14000.0,65500.0,0.0,0.0,0.0,-5.0,0.0,0.0,0.0,0.0,-31166.666666666668,0.0,Mexico,Argentina,24,52,2394031,0,0
1986.0,Denmark,4,3,0,1,10.0,6.0,29750.0,1.0,3.0,1.0,2.0,18000.0,33666.666666666664,26833.333333333332,18000.0,31250.0,4.0,0.75,0.6666666666666666,1.0,-0.33333333333333337,-2916.666666666668,13250.0,Mexico,Argentina,24,52,2394031,0,0
1986.0,England,5,2,1,2,7.0,3.0,55841.6,2.0,3.0,0.0,2.0,68790.0,47209.333333333336,60714.0,0.0,60714.0,4.0,0.4,0.6666666666666666,0.0,0.6666666666666666,4872.4000000000015,60714.0,Mexico,Argentina,24,52,2394031,0,0
1986.0,France,7,4,2,1,12.0,6.0,47780.0,4.0,3.0,3.0,1.0,57980.0,34180.0,46980.0,55640.0,21000.0,6.0,0.5714285714285714,0.3333333333333333,0.75,-0.4166666666666667,-800.0,-34640.0,Mexico,Argentina,24,52,2394031,0,0
1986.0,Germany FR,7,3,2,2,8.0,7.0,45371.42857142857,5.0,2.0,2.0,1.0,49180.0,35850.0,31600.0,32400.0,30000.0,1.0,0.42857142857142855,0.5,0.4,0.09999999999999998,-13771.428571428572,-2400.0,Mexico,Argentina,24,52,2394031,0,0
1986.0,Hungary,3,1,0,2,2.0,9.0,20573.333333333332,1.0,2.0,0.0,1.0,16500.0,22610.0,13800.0,0.0,13800.0,-7.0,0.3333333333333333,0.5,0.0,0.5,-6773.333333333332,13800.0,Mexico,Argentina,24,52,2394031,0,0
1986.0,Iraq,3,0,0,3,1.0,4.0,49254.333333333336,1.0,2.0,0.0,0.0,24000.0,61881.5,0.0,0.0,0.0,-3.0,0.0,0.0,0.0,0.0,-49254.333333333336,0.0,Mexico,Argentina,24,52,2394031,0,0
1986.0,Italy,4,1,2,1,5.0,6.0,54500.0,2.0,2.0,1.0,0.0,58000.0,51000.0,20000.0,20000.0,0.0,-1.0,0.25,0.0,0.5,-0.5,-34500.0,-20000.0,Mexico,Argentina,24,52,2394031,0,0
1986.0,Korea Republic,3,0,1,2,4.0,7.0,41666.666666666664,1.0,2.0,0.0,0.0,60000.0,32500.0,0.0,0.0,0.0,-3.0,0.0,0.0,0.0,0.0,-41666.666666666664,0.0,Mexico,Argentina,24,52,2394031,0,0
1986.0,Mexico,5,3,2,0,6.0,2.0,96928.6,3.0,2.0,2.0,1.0,85154.33333333333,114590.0,109447.66666666667,106881.5,114580.0,4.0,0.6,0.5,0.6666666666666666,-0.16666666666666663,12519.066666666666,7698.5,Mexico,Argentina,24,52,2394031,1,0
1986.0,Morocco,4,1,2,1,3.0,2.0,21975.0,2.0,2.0,1.0,0.0,24100.0,19850.0,28000.0,28000.0,0.0,1.0,0.25,0.0,0.5,-0.5,6025.0,-28000.0,Mexico,Argentina,24,52,2394031,0,0
1986.0,Northern Ireland,3,0,1,2,2.0,6.0,33666.666666666664,1.0,2.0,0.0,0.0,22000.0,39500.0,0.0,0.0,0.0,-4.0,0.0,0.0,0.0,0.0,-33666.666666666664,0.0,Mexico,Argentina,24,52,2394031,0,0
1986.0,Paraguay,4,1,2,1,4.0,6.0,63332.0,2.0,2.0,0.0,1.0,106664.0,20000.0,24000.0,0.0,24000.0,-2.0,0.25,0.5,0.0,0.5,-39332.0,24000.0,Mexico,Argentina,24,52,2394031,0,0
1986.0,Poland,4,1,1,2,1.0,7.0,26878.75,3.0,1.0,0.0,1.0,29200.0,19915.0,19915.0,0.0,19915.0,-6.0,0.25,1.0,0.0,1.0,-6963.75,19915.0,Mexico,Argentina,24,52,2394031,0,0
1986.0,Portugal,3,1,0,2,2.0,4.0,23638.333333333332,1.0,2.0,0.0,1.0,19915.0,25500.0,23000.0,0.0,23000.0,-2.0,0.3333333333333333,0.5,0.0,0.5,-638.3333333333321,23000.0,Mexico,Argentina,24,52,2394031,0,0
1986.0,Scotland,3,0,1,2,1.0,3.0,22666.666666666668,1.0,2.0,0.0,0.0,30000.0,19000.0,0.0,0.0,0.0,-2.0,0.0,0.0,0.0,0.0,-22666.666666666668,0.0,Mexico,Argentina,24,52,2394031,0,0
1986.0,Soviet Union,4,2,1,1,12.0,5.0,24879.25,1.0,3.0,0.0,2.0,36540.0,20992.333333333332,15350.0,0.0,15350.0,7.0,0.5,0.6666666666666666,0.0,0.6666666666666666,-9529.25,15350.0,Mexico,Argentina,24,52,2394031,0,0
1986.0,Spain,5,3,1,1,11.0,4.0,34245.6,3.0,2.0,3.0,0.0,30160.0,40374.0,30160.0,30160.0,0.0,7.0,0.6,0.0,1.0,-1.0,-4085.5999999999985,-30160.0,Mexico,Argentina,24,52,2394031,0,0
1986.0,Uruguay,4,0,2,2,2.0,8.0,25750.0,3.0,1.0,0.0,0.0,24166.666666666668,30500.0,0.0,0.0,0.0,-6.0,0.0,0.0,0.0,0.0,-25750.0,0.0,Mexico,Argentina,24,52,2394031,0,0
1990.0,Argentina,7,2,3,2,5.0,4.0,59457.857142857145,4.0,3.0,1.0,1.0,58483.25,60757.333333333336,58570.0,61381.0,55759.0,1.0,0.2857142857142857,0.3333333333333333,0.25,0.08333333333333331,-887.8571428571449,-5622.0,Italy,Germany FR,24,52,2516215,0,0
1990.0,Austria,3,1,0,2,2.0,3.0,49040.666666666664,1.0,2.0,0.0,1.0,73303.0,36909.5,34857.0,0.0,34857.0,-1.0,0.3333333333333333,0.5,0.0,0.5,-14183.666666666664,34857.0,Italy,Germany FR,24,52,2516215,0,0
1990.0,Belgium,4,2,0,2,6.0,4.0,34254.75,1.0,3.0,0.0,2.0,34520.0,34166.333333333336,33274.5,0.0,33274.5,2.0,0.5,0.6666666666666666,0.0,0.6666666666666666,-980.25,33274.5,Italy,Germany FR,24,52,2516215,0,0
1990.0,Brazil,4,3,0,1,4.0,2.0,61129.5,0.0,4.0,0.0,3.0,0.0,61129.5,61045.666666666664,0.0,61045.666666666664,2.0,0.75,0.75,0.0,0.0,-83.83333333333576,61045.666666666664,Italy,Germany FR,24,52,2516215,0,0
1990.0,Cameroon,5,3,0,2,7.0,9.0,51001.0,2.0,3.0,1.0,2.0,64492.5,42006.666666666664,54164.333333333336,73780.0,44356.5,-2.0,0.6,0.6666666666666666,0.5,0.16666666666666663,3163.3333333333358,-29423.5,Italy,Germany FR,24,52,2516215,0,0
1990.0,Colombia,4,1,1,2,4.0,4.0,46396.0,4.0,0.0,1.0,0.0,46396.0,0.0,30791.0,30791.0,0.0,0.0,0.25,0.0,0.25,0.0,-15605.0,-30791.0,Italy,Germany FR,24,52,2516215,0,0
1990.0,Costa Rica,4,2,0,2,4.0,6.0,41692.5,3.0,1.0,1.0,1.0,45301.0,30867.0,30545.0,30223.0,30867.0,-2.0,0.5,1.0,0.3333333333333333,0.6666666666666667,-11147.5,644.0,Italy,Germany FR,24,52,2516215,0,0
1990.0,Czechoslovakia,5,3,0,2,10.0,5.0,53310.2,4.0,1.0,2.0,1.0,54719.5,47673.0,39967.0,36114.0,47673.0,5.0,0.6,1.0,0.5,0.5,-13343.199999999997,11559.0,Italy,Germany FR,24,52,2516215,0,0
1990.0,Egypt,3,0,2,1,1.0,2.0,33845.0,3.0,0.0,0.0,0.0,33845.0,0.0,0.0,0.0,0.0,-1.0,0.0,0.0,0.0,0.0,-33845.0,0.0,Italy,Germany FR,24,52,2516215,0,0
1990.0,England,7,3,3,1,8.0,6.0,44177.57142857143,2.0,5.0,0.0,3.0,57027.0,39037.8,41561.333333333336,0.0,41561.333333333336,2.0,0.42857142857142855,0.6,0.0,0.6,-2616.238095238092,41561.333333333336,Italy,Germany FR,24,52,2516215,0,0
1990.0,Germany FR,7,5,2,0,15.0,5.0,71797.28571428571,0.0,7.0,0.0,5.0,0.0,71797.28571428571,73488.6,0.0,73488.6,10.0,0.7142857142857143,0.7142857142857143,0.0,0.0,1691.3142857142957,73488.6,Italy,Germany FR,24,52,2516215,0,1
1990.0,Italy,7,6,1,0,10.0,2.0,68291.28571428571,0.0,7.0,0.0,6.0,0.0,68291.28571428571,69676.83333333333,0.0,69676.83333333333,8.0,0.8571428571428571,0.8571428571428571,0.0,0.0,1385.5476190476184,69676.83333333333,Italy,Germany FR,24,52,2516215,1,0
1990.0,Korea Republic,3,0,0,3,1.0,6.0,31520.666666666668,1.0,2.0,0.0,0.0,32790.0,30886.0,0.0,0.0,0.0,-5.0,0.0,0.0,0.0,0.0,-31520.666666666668,0.0,Italy,Germany FR,24,52,2516215,0,0
1990.0,Netherlands,4,0,3,1,3.0,4.0,44100.5,3.0,1.0,0.0,0.0,47704.666666666664,33288.0,0.0,0.0,0.0,-1.0,0.0,0.0,0.0,0.0,-44100.5,0.0,Italy,Germany FR,24,52,2516215,0,0
1990.0,Romania,4,1,2,1,4.0,3.0,41536.25,4.0,0.0,1.0,0.0,41536.25,0.0,42907.0,42907.0,0.0,1.0,0.25,0.0,0.25,0.0,1370.75,-42907.0,Italy,Germany FR,24,52,2516215,0,0
1990.0,Scotland,3,1,0,2,2.0,3.0,41730.666666666664,3.0,0.0,1.0,0.0,41730.666666666664,0.0,31823.0,31823.0,0.0,-1.0,0.3333333333333333,0.0,0.3333333333333333,0.0,-9907.666666666664,-31823.0,Italy,Germany FR,24,52,2516215,0,0
1990.0,Soviet Union,3,1,0,2,4.0,4.0,45324.333333333336,2.0,1.0,1.0,0.0,46533.0,42907.0,37307.0,37307.0,0.0,0.0,0.3333333333333333,0.0,0.5,-0.5,-8017.333333333336,-37307.0,Italy,Germany FR,24,52,2516215,0,0
1990.0,Spain,4,2,1,1,6.0,4.0,34974.0,3.0,1.0,2.0,0.0,34798.666666666664,35500.0,34341.5,34341.5,0.0,2.0,0.5,0.0,0.6666666666666666,-0.6666666666666666,-632.5,-34341.5,Italy,Germany FR,24,52,2516215,0,0
1990.0,Sweden,3,0,0,3,3.0,6.0,41558.0,1.0,2.0,0.0,0.0,62628.0,31023.0,0.0,0.0,0.0,-3.0,0.0,0.0,0.0,0.0,-41558.0,0.0,Italy,Germany FR,24,52,2516215,0,0
1990.0,USA,3,0,0,3,2.0,8.0,47182.0,2.0,1.0,0.0,0.0,54140.0,33266.0,0.0,0.0,0.0,-6.0,0.0,0.0,0.0,0.0,-47182.0,0.0,Italy,Germany FR,24,52,2516215,0,0
1990.0,Uruguay,4,1,1,2,2.0,5.0,42953.5,3.0,1.0,1.0,0.0,45367.0,35713.0,29039.0,29039.0,0.0,-3.0,0.25,0.0,0.3333333333333333,-0.3333333333333333,-13914.5,-29039.0,Italy,Germany FR,24,52,2516215,0,0
1990.0,Yugoslavia,5,3,1,1,8.0,6.0,41865.2,2.0,3.0,1.0,2.0,55132.5,33020.333333333336,31863.333333333332,35500.0,30045.0,2.0,0.6,0.6666666666666666,0.5,0.16666666666666663,-10001.866666666665,-5455.0,Italy,Germany FR,24,52,2516215,0,0
1990.0,"rn"">Republic of Ireland",5,0,4,1,2.0,3.0,41387.0,2.0,3.0,0.0,0.0,54270.5,32798.0,0.0,0.0,0.0,-1.0,0.0,0.0,0.0,0.0,-41387.0,0.0,Italy,Germany FR,24,52,2516215,0,0
1990.0,"rn"">United Arab Emirates",3,0,0,3,2.0,11.0,43264.333333333336,2.0,1.0,0.0,0.0,49501.0,30791.0,0.0,0.0,0.0,-9.0,0.0,0.0,0.0,0.0,-43264.333333333336,0.0,Italy,Germany FR,24,52,2516215,0,0
1994.0,Argentina,4,2,0,2,8.0,6.0,65844.0,1.0,3.0,0.0,2.0,90469.0,57635.666666666664,54454.5,0.0,54454.5,2.0,0.5,0.6666666666666666,0.0,0.6666666666666666,-11389.5,54454.5,USA,Brazil,24,52,3587538,0,0
1994.0,Belgium,4,2,0,2,4.0,4.0,59202.75,1.0,3.0,0.0,2.0,60246.0,58855.0,61803.0,0.0,61803.0,0.0,0.5,0.6666666666666666,0.0,0.6666666666666666,2600.25,61803.0,USA,Brazil,24,52,3587538,0,0
1994.0,Bolivia,3,0,1,2,1.0,4.0,60219.666666666664,2.0,1.0,0.0,0.0,58785.0,63089.0,0.0,0.0,0.0,-3.0,0.0,0.0,0.0,0.0,-60219.666666666664,0.0,USA,Brazil,24,52,3587538,0,0
1994.0,Brazil,7,5,2,0,11.0,3.0,82196.57142857143,2.0,5.0,2.0,3.0,77678.0,84004.0,80793.0,77678.0,82869.66666666667,8.0,0.7142857142857143,0.6,1.0,-0.4,-1403.5714285714348,5191.6666666666715,USA,Brazil,24,52,3587538,0,1
1994.0,Bulgaria,7,3,1,3,10.0,11.0,68561.42857142857,4.0,3.0,1.0,2.0,67665.0,69756.66666666667,66386.0,63998.0,67580.0,-1.0,0.42857142857142855,0.6666666666666666,0.25,0.41666666666666663,-2175.428571428565,3582.0,USA,Brazil,24,52,3587538,0,0
1994.0,Cameroon,3,0,1,2,3.0,11.0,83836.33333333333,2.0,1.0,0.0,0.0,79157.5,93194.0,0.0,0.0,0.0,-8.0,0.0,0.0,0.0,0.0,-83836.33333333333,0.0,USA,Brazil,24,52,3587538,0,0
1994.0,Colombia,3,1,0,2,4.0,5.0,89708.66666666667,2.0,1.0,1.0,0.0,88635.0,91856.0,83401.0,83401.0,0.0,-1.0,0.3333333333333333,0.0,0.5,-0.5,-6307.6666666666715,-83401.0,USA,Brazil,24,52,3587538,0,0
1994.0,Germany,5,3,1,1,9.0,7.0,64494.8,1.0,4.0,0.0,3.0,72000.0,62618.5,62453.666666666664,0.0,62453.666666666664,2.0,0.6,0.75,0.0,0.75,-2041.1333333333387,62453.666666666664,USA,Brazil,24,52,3587538,0,0
1994.0,Greece,3,0,0,3,0.0,10.0,56872.333333333336,2.0,1.0,0.0,0.0,58808.0,53001.0,0.0,0.0,0.0,-10.0,0.0,0.0,0.0,0.0,-56872.333333333336,0.0,USA,Brazil,24,52,3587538,0,0
1994.0,Italy,7,4,2,1,8.0,5.0,68366.85714285714,3.0,4.0,2.0,2.0,74223.66666666667,63974.25,64125.25,64238.5,64012.0,3.0,0.5714285714285714,0.5,0.6666666666666666,-0.16666666666666663,-4241.607142857145,-226.5,USA,Brazil,24,52,3587538,0,0
1994.0,Korea Republic,3,0,2,1,4.0,5.0,58232.666666666664,2.0,1.0,0.0,0.0,60122.5,54453.0,0.0,0.0,0.0,-1.0,0.0,0.0,0.0,0.0,-58232.666666666664,0.0,USA,Brazil,24,52,3587538,0,0
1994.0,Mexico,4,1,2,1,4.0,4.0,59187.5,2.0,2.0,0.0,1.0,52465.0,65910.0,60790.0,0.0,60790.0,0.0,0.25,0.5,0.0,0.5,1602.5,60790.0,USA,Brazil,24,52,3587538,0,0
1994.0,Morocco,3,0,0,3,2.0,5.0,66039.66666666667,2.0,1.0,0.0,0.0,68770.5,60578.0,0.0,0.0,0.0,-3.0,0.0,0.0,0.0,0.0,-66039.66666666667,0.0,USA,Brazil,24,52,3587538,0,0
1994.0,Netherlands,5,3,0,2,8.0,6.0,59671.0,2.0,3.0,1.0,2.0,61482.5,58463.333333333336,57489.333333333336,60578.0,55945.0,2.0,0.6,0.6666666666666666,0.5,0.16666666666666663,-2181.6666666666642,-4633.0,USA,Brazil,24,52,3587538,0,0
1994.0,Nigeria,4,2,0,2,7.0,4.0,51488.25,2.0,2.0,1.0,1.0,53727.0,49249.5,48566.5,53001.0,44132.0,3.0,0.5,0.5,0.5,0.0,-2921.75,-8869.0,USA,Brazil,24,52,3587538,0,0
1994.0,Norway,3,1,1,1,1.0,1.0,66474.33333333333,2.0,1.0,0.0,1.0,73514.0,52395.0,52395.0,0.0,52395.0,0.0,0.3333333333333333,1.0,0.0,1.0,-14079.333333333328,52395.0,USA,Brazil,24,52,3587538,0,0
1994.0,Romania,5,3,1,1,10.0,9.0,84224.4,2.0,3.0,2.0,1.0,92862.5,78465.66666666667,92064.66666666667,92862.5,90469.0,1.0,0.6,0.3333333333333333,1.0,-0.6666666666666667,7840.266666666677,-2393.5,USA,Brazil,24,52,3587538,0,0
1994.0,Russia,3,1,0,2,7.0,6.0,75834.33333333333,2.0,1.0,0.0,1.0,76294.5,74914.0,74914.0,0.0,74914.0,1.0,0.3333333333333333,1.0,0.0,1.0,-920.3333333333285,74914.0,USA,Brazil,24,52,3587538,0,0
1994.0,Saudi Arabia,4,2,0,2,5.0,6.0,60023.25,2.0,2.0,1.0,1.0,51747.0,68299.5,64640.5,52959.0,76322.0,-1.0,0.5,0.5,0.5,0.0,4617.25,23363.0,USA,Brazil,24,52,3587538,0,0
1994.0,Spain,5,2,2,1,10.0,6.0,57794.0,3.0,2.0,1.0,1.0,59867.333333333336,54684.0,58105.0,63089.0,53121.0,4.0,0.4,0.5,0.3333333333333333,0.16666666666666669,311.0,-9968.0,USA,Brazil,24,52,3587538,0,0
1994.0,Sweden,7,3,3,1,15.0,8.0,81296.0,4.0,3.0,1.0,2.0,78547.0,84961.33333333333,74435.0,60277.0,81514.0,7.0,0.42857142857142855,0.6666666666666666,0.25,0.41666666666666663,-6861.0,21237.0,USA,Brazil,24,52,3587538,0,0
1994.0,Switzerland,4,1,1,2,5.0,7.0,67843.75,3.0,1.0,1.0,0.0,62658.0,83401.0,61428.0,61428.0,0.0,-2.0,0.25,0.0,0.3333333333333333,-0.3333333333333333,-6415.75,-61428.0,USA,Brazil,24,52,3587538,0,0
1994.0,USA,4,1,1,2,3.0,4.0,86327.5,1.0,3.0,0.0,1.0,84147.0,87054.33333333333,93869.0,0.0,93869.0,-1.0,0.25,0.3333333333333333,0.0,0.3333333333333333,7541.5,93869.0,USA,Brazil,24,52,3587538,1,0
1994.0,"rn"">Republic of Ireland",4,1,1,2,2.0,4.0,67471.75,3.0,1.0,1.0,0.0,65827.66666666667,72404.0,75338.0,75338.0,0.0,-2.0,0.25,0.0,0.3333333333333333,-0.3333333333333333,7866.25,-75338.0,USA,Brazil,24,52,3587538,0,0
1998.0,Argentina,5,3,1,1,10.0,4.0,39280.0,1.0,4.0,0.0,3.0,55000.0,35350.0,36933.333333333336,0.0,36933.333333333336,6.0,0.6,0.75,0.0,0.75,-2346.6666666666642,36933.333333333336,France,France,32,64,2785100,0,0
1998.0,Austria,3,0,2,1,3.0,4.0,48033.333333333336,3.0,0.0,0.0,0.0,48033.333333333336,0.0,0.0,0.0,0.0,-1.0,0.0,0.0,0.0,0.0,-48033.333333333336,0.0,France,France,32,64,2785100,0,0
1998.0,Belgium,3,0,3,0,3.0,3.0,51433.333333333336,1.0,2.0,0.0,0.0,77000.0,38650.0,0.0,0.0,0.0,0.0,0.0,0.0,0.0,0.0,-51433.333333333336,0.0,France,France,32,64,2785100,0,0
1998.0,Brazil,7,4,1,2,14.0,10.0,55071.42857142857,0.0,7.0,0.0,4.0,0.0,55071.42857142857,49125.0,0.0,49125.0,4.0,0.5714285714285714,0.5714285714285714,0.0,0.0,-5946.4285714285725,49125.0,France,France,32,64,2785100,0,0
1998.0,Bulgaria,3,0,1,2,1.0,7.0,37800.0,3.0,0.0,0.0,0.0,37800.0,0.0,0.0,0.0,0.0,-6.0,0.0,0.0,0.0,0.0,-37800.0,0.0,France,France,32,64,2785100,0,0
1998.0,Cameroon,3,0,2,1,2.0,5.0,32933.333333333336,2.0,1.0,0.0,0.0,32650.0,33500.0,0.0,0.0,0.0,-3.0,0.0,0.0,0.0,0.0,-32933.333333333336,0.0,France,France,32,64,2785100,0,0
1998.0,Chile,4,0,3,1,5.0,8.0,35850.0,2.0,2.0,0.0,0.0,38650.0,33050.0,0.0,0.0,0.0,-3.0,0.0,0.0,0.0,0.0,-35850.0,0.0,France,France,32,64,2785100,0,0
1998.0,Colombia,3,1,0,2,1.0,3.0,35666.666666666664,1.0,2.0,0.0,1.0,39100.0,33950.0,29800.0,0.0,29800.0,-2.0,0.3333333333333333,0.5,0.0,0.5,-5866.666666666664,29800.0,France,France,32,64,2785100,0,0
1998.0,Croatia,7,5,0,2,11.0,5.0,42542.857142857145,7.0,0.0,5.0,0.0,42542.857142857145,0.0,38000.0,38000.0,0.0,6.0,0.7142857142857143,0.0,0.7142857142857143,0.0,-4542.857142857145,-38000.0,France,France,32,64,2785100,0,0
1998.0,Denmark,5,2,1,2,9.0,7.0,44640.0,5.0,0.0,2.0,0.0,44640.0,0.0,57550.0,57550.0,0.0,2.0,0.4,0.0,0.4,0.0,12910.0,-57550.0,France,France,32,64,2785100,0,0
1998.0,England,4,2,1,1,7.0,4.0,39300.0,3.0,1.0,1.0,1.0,34066.666666666664,55000.0,46550.0,38100.0,55000.0,3.0,0.5,1.0,0.3333333333333333,0.6666666666666667,7250.0,16900.0,France,France,32,64,2785100,0,0
1998.0,France,7,6,1,0,15.0,2.0,62700.0,2.0,5.0,1.0,5.0,78500.0,56380.0,60316.666666666664,80000.0,56380.0,13.0,0.8571428571428571,1.0,0.5,0.5,-2383.3333333333358,-23620.0,France,France,32,64,2785100,1,1
1998.0,Germany,5,3,1,1,8.0,6.0,36460.0,0.0,5.0,0.0,3.0,0.0,36460.0,35033.333333333336,0.0,35033.333333333336,2.0,0.6,0.6,0.0,0.0,-1426.6666666666642,35033.333333333336,France,France,32,64,2785100,0,0
1998.0,Iran,3,1,0,2,2.0,4.0,33166.666666666664,3.0,0.0,1.0,0.0,33166.666666666664,0.0,39100.0,39100.0,0.0,-2.0,0.3333333333333333,0.0,0.3333333333333333,0.0,5933.333333333336,-39100.0,France,France,32,64,2785100,0,0
1998.0,Italy,5,3,2,0,8.0,3.0,54720.0,0.0,5.0,0.0,3.0,0.0,54720.0,54933.333333333336,0.0,54933.333333333336,5.0,0.6,0.6,0.0,0.0,213.33333333333576,54933.333333333336,France,France,32,64,2785100,0,0
1998.0,Jamaica,3,1,0,2,3.0,9.0,40900.0,2.0,1.0,1.0,0.0,42300.0,38100.0,39100.0,39100.0,0.0,-6.0,0.3333333333333333,0.0,0.5,-0.5,-1800.0,-39100.0,France,France,32,64,2785100,0,0
1998.0,Japan,3,0,0,3,1.0,4.0,36033.333333333336,1.0,2.0,0.0,0.0,33500.0,37300.0,0.0,0.0,0.0,-3.0,0.0,0.0,0.0,0.0,-36033.333333333336,0.0,France,France,32,64,2785100,0,0
1998.0,Korea Republic,3,0,1,2,2.0,9.0,46533.333333333336,2.0,1.0,0.0,0.0,50250.0,39100.0,0.0,0.0,0.0,-7.0,0.0,0.0,0.0,0.0,-46533.333333333336,0.0,France,France,32,64,2785100,0,0
1998.0,Mexico,4,1,2,1,8.0,7.0,32825.0,4.0,0.0,1.0,0.0,32825.0,0.0,39100.0,39100.0,0.0,1.0,0.25,0.0,0.25,0.0,6275.0,-39100.0,France,France,32,64,2785100,0,0
1998.0,Morocco,3,1,1,1,5.0,5.0,31966.666666666668,2.0,1.0,1.0,0.0,33050.0,29800.0,30600.0,30600.0,0.0,0.0,0.3333333333333333,0.0,0.5,-0.5,-1366.6666666666679,-30600.0,France,France,32,64,2785100,0,0
1998.0,Netherlands,7,3,3,1,13.0,7.0,50085.71428571428,1.0,6.0,0.0,3.0,54000.0,49433.333333333336,47833.333333333336,0.0,47833.333333333336,6.0,0.42857142857142855,0.5,0.0,0.5,-2252.380952380947,47833.333333333336,France,France,32,64,2785100,0,0
1998.0,Nigeria,4,2,0,2,6.0,9.0,47875.0,1.0,3.0,1.0,1.0,35500.0,52000.0,40500.0,35500.0,45500.0,-3.0,0.5,0.3333333333333333,1.0,-0.6666666666666667,-7375.0,10000.0,France,France,32,64,2785100,0,0
1998.0,Norway,4,1,2,1,5.0,5.0,42900.0,4.0,0.0,1.0,0.0,42900.0,0.0,55000.0,55000.0,0.0,0.0,0.25,0.0,0.25,0.0,12100.0,-55000.0,France,France,32,64,2785100,0,0
1998.0,Paraguay,4,1,2,1,3.0,2.0,31425.0,3.0,1.0,1.0,0.0,31966.666666666668,29800.0,33500.0,33500.0,0.0,1.0,0.25,0.0,0.3333333333333333,-0.3333333333333333,2075.0,-33500.0,France,France,32,64,2785100,0,0
1998.0,Romania,4,2,1,1,4.0,3.0,45350.0,0.0,4.0,0.0,2.0,0.0,45350.0,36300.0,0.0,36300.0,1.0,0.5,0.5,0.0,0.0,-9050.0,36300.0,France,France,32,64,2785100,0,0
1998.0,Saudi Arabia,3,0,1,2,2.0,7.0,49966.666666666664,2.0,1.0,0.0,0.0,55900.0,38100.0,0.0,0.0,0.0,-5.0,0.0,0.0,0.0,0.0,-49966.666666666664,0.0,France,France,32,64,2785100,0,0
1998.0,Scotland,3,0,1,2,2.0,6.0,47466.666666666664,1.0,2.0,0.0,0.0,80000.0,31200.0,0.0,0.0,0.0,-4.0,0.0,0.0,0.0,0.0,-47466.666666666664,0.0,France,France,32,64,2785100,0,0
1998.0,South Africa,3,0,2,1,3.0,6.0,40100.0,1.0,2.0,0.0,0.0,55000.0,32650.0,0.0,0.0,0.0,-3.0,0.0,0.0,0.0,0.0,-40100.0,0.0,France,France,32,64,2785100,0,0
1998.0,Spain,3,1,1,1,8.0,4.0,34733.333333333336,0.0,3.0,0.0,1.0,0.0,34733.333333333336,38100.0,0.0,38100.0,4.0,0.3333333333333333,0.3333333333333333,0.0,0.0,3366.6666666666642,38100.0,France,France,32,64,2785100,0,0
1998.0,Tunisia,3,0,1,2,1.0,4.0,53933.333333333336,3.0,0.0,0.0,0.0,53933.333333333336,0.0,0.0,0.0,0.0,-3.0,0.0,0.0,0.0,0.0,-53933.333333333336,0.0,France,France,32,64,2785100,0,0
1998.0,USA,3,0,0,3,1.0,5.0,40033.333333333336,1.0,2.0,0.0,0.0,45500.0,37300.0,0.0,0.0,0.0,-4.0,0.0,0.0,0.0,0.0,-40033.333333333336,0.0,France,France,32,64,2785100,0,0
1998.0,Yugoslavia,4,2,1,1,5.0,4.0,34425.0,3.0,1.0,1.0,1.0,35700.0,30600.0,33050.0,35500.0,30600.0,1.0,0.5,1.0,0.3333333333333333,0.6666666666666667,-1375.0,-4900.0,France,France,32,64,2785100,0,0
2002.0,Argentina,3,1,1,1,2.0,2.0,38584.666666666664,1.0,2.0,0.0,1.0,45777.0,34988.5,34050.0,0.0,34050.0,0.0,0.3333333333333333,0.5,0.0,0.5,-4534.666666666664,34050.0,Korea/Japan,Brazil,32,64,2705197,0,0
2002.0,Belgium,4,1,2,1,6.0,7.0,45509.0,3.0,1.0,0.0,1.0,45132.0,46640.0,46640.0,0.0,46640.0,-1.0,0.25,1.0,0.0,1.0,1131.0,46640.0,Korea/Japan,Brazil,32,64,2705197,0,0
2002.0,Brazil,7,7,0,0,18.0,4.0,46725.57142857143,3.0,4.0,3.0,4.0,51663.0,43022.5,46725.57142857143,51663.0,43022.5,14.0,1.0,1.0,1.0,0.0,0.0,-8640.5,Korea/Japan,Brazil,32,64,2705197,0,1
2002.0,Cameroon,3,1,1,1,2.0,3.0,44364.0,1.0,2.0,0.0,1.0,33679.0,49706.5,52328.0,0.0,52328.0,-1.0,0.3333333333333333,0.5,0.0,0.5,7964.0,52328.0,Korea/Japan,Brazil,32,64,2705197,0,0
2002.0,China PR,3,0,0,3,0.0,9.0,35857.333333333336,2.0,1.0,0.0,0.0,40177.5,27217.0,0.0,0.0,0.0,-9.0,0.0,0.0,0.0,0.0,-35857.333333333336,0.0,Korea/Japan,Brazil,32,64,2705197,0,0
2002.0,Costa Rica,3,1,1,1,5.0,6.0,36013.333333333336,1.0,2.0,1.0,0.0,27217.0,40411.5,27217.0,27217.0,0.0,-1.0,0.3333333333333333,0.0,1.0,-1.0,-8796.333333333336,-27217.0,Korea/Japan,Brazil,32,64,2705197,0,0
2002.0,Croatia,3,1,0,2,2.0,3.0,44857.666666666664,2.0,1.0,1.0,0.0,51167.0,32239.0,36472.0,36472.0,0.0,-1.0,0.3333333333333333,0.0,0.5,-0.5,-8385.666666666664,-36472.0,Korea/Japan,Brazil,32,64,2705197,0,0
2002.0,Denmark,4,2,1,1,5.0,5.0,40584.75,1.0,3.0,1.0,1.0,30157.0,44060.666666666664,39128.5,30157.0,48100.0,0.0,0.5,0.3333333333333333,1.0,-0.6666666666666667,-1456.25,17943.0,Korea/Japan,Brazil,32,64,2705197,0,0
2002.0,Ecuador,3,1,0,2,2.0,4.0,47517.666666666664,2.0,1.0,0.0,1.0,38345.5,65862.0,65862.0,0.0,65862.0,-2.0,0.3333333333333333,1.0,0.0,1.0,18344.333333333336,65862.0,Korea/Japan,Brazil,32,64,2705197,0,0
2002.0,England,5,2,2,1,6.0,3.0,44306.0,3.0,2.0,2.0,0.0,40457.666666666664,50078.5,38254.5,38254.5,0.0,3.0,0.4,0.0,0.6666666666666666,-0.6666666666666666,-6051.5,-38254.5,Korea/Japan,Brazil,32,64,2705197,0,0
2002.0,France,3,0,1,2,0.0,3.0,49650.0,1.0,2.0,0.0,0.0,48100.0,50425.0,0.0,0.0,0.0,-3.0,0.0,0.0,0.0,0.0,-49650.0,0.0,Korea/Japan,Brazil,32,64,2705197,0,0
2002.0,Germany,7,5,1,1,14.0,3.0,44565.0,1.0,6.0,1.0,4.0,47085.0,44145.0,41414.4,47085.0,39996.75,11.0,0.7142857142857143,0.6666666666666666,1.0,-0.33333333333333337,-3150.5999999999985,-7088.25,Korea/Japan,Brazil,32,64,2705197,0,0
2002.0,Italy,4,1,1,2,5.0,5.0,36358.0,2.0,2.0,0.0,1.0,38939.5,33776.5,31081.0,0.0,31081.0,0.0,0.25,0.5,0.0,0.5,-5277.0,31081.0,Korea/Japan,Brazil,32,64,2705197,0,0
2002.0,Japan,4,2,1,1,5.0,3.0,53060.75,1.0,3.0,1.0,1.0,45213.0,55676.666666666664,55660.5,45213.0,66108.0,2.0,0.5,0.3333333333333333,1.0,-0.6666666666666667,2599.75,20895.0,Korea/Japan,Brazil,32,64,2705197,0,0
2002.0,Korea Republic,7,3,2,2,8.0,6.0,52745.42857142857,3.0,4.0,1.0,2.0,52536.333333333336,52902.25,45862.333333333336,50239.0,43674.0,2.0,0.42857142857142855,0.5,0.3333333333333333,0.16666666666666669,-6883.095238095237,-6565.0,Korea/Japan,Brazil,32,64,2705197,0,0
2002.0,Mexico,4,2,1,1,4.0,4.0,38380.0,1.0,3.0,1.0,1.0,32239.0,40427.0,38924.5,32239.0,45610.0,0.0,0.5,0.3333333333333333,1.0,-0.6666666666666667,544.5,13371.0,Korea/Japan,Brazil,32,64,2705197,0,0
2002.0,Nigeria,3,0,1,2,1.0,3.0,38369.333333333336,2.0,1.0,0.0,0.0,35122.0,44864.0,0.0,0.0,0.0,-2.0,0.0,0.0,0.0,0.0,-38369.333333333336,0.0,Korea/Japan,Brazil,32,64,2705197,0,0
2002.0,Paraguay,4,1,1,2,6.0,7.0,26134.5,3.0,1.0,1.0,0.0,26450.666666666668,25186.0,30176.0,30176.0,0.0,-1.0,0.25,0.0,0.3333333333333333,-0.3333333333333333,4041.5,-30176.0,Korea/Japan,Brazil,32,64,2705197,0,0
2002.0,Poland,3,1,0,2,3.0,7.0,35414.0,2.0,1.0,0.0,1.0,39880.0,26482.0,26482.0,0.0,26482.0,-4.0,0.3333333333333333,1.0,0.0,1.0,-8932.0,26482.0,Korea/Japan,Brazil,32,64,2705197,0,0
2002.0,Portugal,3,1,0,2,6.0,4.0,39515.0,1.0,2.0,0.0,1.0,37306.0,40619.5,31000.0,0.0,31000.0,2.0,0.3333333333333333,0.5,0.0,0.5,-8515.0,31000.0,Korea/Japan,Brazil,32,64,2705197,0,0
2002.0,Russia,3,1,0,2,4.0,4.0,47901.666666666664,2.0,1.0,0.0,1.0,56374.0,30957.0,30957.0,0.0,30957.0,0.0,0.3333333333333333,1.0,0.0,1.0,-16944.666666666664,30957.0,Korea/Japan,Brazil,32,64,2705197,0,0
2002.0,Saudi Arabia,3,0,0,3,0.0,12.0,49955.333333333336,2.0,1.0,0.0,0.0,42273.0,65320.0,0.0,0.0,0.0,-12.0,0.0,0.0,0.0,0.0,-49955.333333333336,0.0,Korea/Japan,Brazil,32,64,2705197,0,0
2002.0,Senegal,5,2,2,1,7.0,6.0,44744.4,3.0,2.0,2.0,0.0,48602.666666666664,38957.0,51154.0,51154.0,0.0,1.0,0.4,0.0,0.6666666666666666,-0.6666666666666666,6409.5999999999985,-51154.0,Korea/Japan,Brazil,32,64,2705197,0,0
2002.0,Slovenia,3,0,0,3,2.0,7.0,35333.333333333336,2.0,1.0,0.0,0.0,37912.0,30176.0,0.0,0.0,0.0,-5.0,0.0,0.0,0.0,0.0,-35333.333333333336,0.0,Korea/Japan,Brazil,32,64,2705197,0,0
2002.0,South Africa,3,1,1,1,5.0,5.0,34478.666666666664,1.0,2.0,0.0,1.0,25186.0,39125.0,47226.0,0.0,47226.0,0.0,0.3333333333333333,0.5,0.0,0.5,12747.333333333336,47226.0,Korea/Japan,Brazil,32,64,2705197,0,0
2002.0,Spain,5,3,2,0,10.0,5.0,32932.4,1.0,4.0,1.0,2.0,31024.0,33409.5,27874.0,31024.0,26299.0,5.0,0.6,0.5,1.0,-0.5,-5058.4000000000015,-4725.0,Korea/Japan,Brazil,32,64,2705197,0,0
2002.0,Sweden,4,1,2,1,5.0,5.0,43609.75,1.0,3.0,0.0,1.0,52721.0,40572.666666666664,36194.0,0.0,36194.0,0.0,0.25,0.3333333333333333,0.0,0.3333333333333333,-7415.75,36194.0,Korea/Japan,Brazil,32,64,2705197,0,0
2002.0,Tunisia,3,0,1,2,1.0,5.0,38623.333333333336,1.0,2.0,0.0,0.0,30957.0,42456.5,0.0,0.0,0.0,-4.0,0.0,0.0,0.0,0.0,-38623.333333333336,0.0,Korea/Japan,Brazil,32,64,2705197,0,0
2002.0,Turkey,7,4,1,2,10.0,6.0,47740.857142857145,6.0,1.0,3.0,1.0,48430.166666666664,43605.0,49246.75,51127.333333333336,43605.0,4.0,0.5714285714285714,1.0,0.5,0.5,1505.892857142855,-7522.333333333336,Korea/Japan,Brazil,32,64,2705197,0,0
2002.0,USA,5,2,1,2,7.0,7.0,39656.6,4.0,1.0,1.0,1.0,40244.25,37306.0,36843.0,36380.0,37306.0,0.0,0.4,1.0,0.25,0.75,-2813.5999999999985,926.0,Korea/Japan,Brazil,32,64,2705197,0,0
2002.0,Uruguay,3,0,2,1,4.0,5.0,34042.333333333336,2.0,1.0,0.0,0.0,35985.0,30157.0,0.0,0.0,0.0,-1.0,0.0,0.0,0.0,0.0,-34042.333333333336,0.0,Korea/Japan,Brazil,32,64,2705197,0,0
2002.0,"rn"">Republic of Ireland",4,1,3,0,6.0,3.0,43444.75,3.0,1.0,1.0,0.0,46700.0,33679.0,65320.0,65320.0,0.0,3.0,0.25,0.0,0.3333333333333333,-0.3333333333333333,21875.25,-65320.0,Korea/Japan,Brazil,32,64,2705197,0,0
2006.0,Angola,3,0,2,1,1.0,2.0,42000.0,2.0,1.0,0.0,0.0,40500.0,45000.0,0.0,0.0,0.0,-1.0,0.0,0.0,0.0,0.0,-42000.0,0.0,Germany,Italy,32,64,3359439,0,0
2006.0,Argentina,5,3,2,0,11.0,3.0,52896.0,2.0,3.0,0.0,3.0,60000.0,48160.0,48160.0,0.0,48160.0,8.0,0.6,1.0,0.0,1.0,-4736.0,48160.0,Germany,Italy,32,64,3359439,0,0
2006.0,Australia,4,1,1,2,5.0,6.0,52500.0,3.0,1.0,0.0,1.0,54666.666666666664,46000.0,46000.0,0.0,46000.0,-1.0,0.25,1.0,0.0,1.0,-6500.0,46000.0,Germany,Italy,32,64,3359439,0,0
2006.0,Brazil,5,4,0,1,10.0,2.0,63200.0,1.0,4.0,1.0,3.0,65000.0,62750.0,67000.0,65000.0,67666.66666666667,8.0,0.8,0.75,1.0,-0.25,3800.0,2666.6666666666715,Germany,Italy,32,64,3359439,0,0
2006.0,Costa Rica,3,0,0,3,3.0,9.0,53000.0,2.0,1.0,0.0,0.0,58000.0,43000.0,0.0,0.0,0.0,-6.0,0.0,0.0,0.0,0.0,-53000.0,0.0,Germany,Italy,32,64,3359439,0,0
2006.0,Croatia,3,0,2,1,2.0,3.0,55000.0,2.0,1.0,0.0,0.0,56500.0,52000.0,0.0,0.0,0.0,-1.0,0.0,0.0,0.0,0.0,-55000.0,0.0,Germany,Italy,32,64,3359439,0,0
2006.0,Czech Republic,3,1,0,2,3.0,4.0,49000.0,1.0,2.0,1.0,0.0,52000.0,47500.0,52000.0,52000.0,0.0,-1.0,0.3333333333333333,0.0,1.0,-1.0,3000.0,-52000.0,Germany,Italy,32,64,3359439,0,0
2006.0,C�te d'Ivoire,3,1,0,2,5.0,6.0,55826.666666666664,2.0,1.0,0.0,1.0,50740.0,66000.0,66000.0,0.0,66000.0,-1.0,0.3333333333333333,1.0,0.0,1.0,10173.333333333336,66000.0,Germany,Italy,32,64,3359439,0,0
2006.0,Ecuador,4,2,0,2,5.0,4.0,56500.0,2.0,2.0,1.0,1.0,52000.0,61000.0,51000.0,52000.0,50000.0,1.0,0.5,0.5,0.5,0.0,-5500.0,-2000.0,Germany,Italy,32,64,3359439,0,0
2006.0,England,5,3,2,0,6.0,2.0,47600.0,1.0,4.0,0.0,3.0,45000.0,48250.0,47000.0,0.0,47000.0,4.0,0.6,0.75,0.0,0.75,-600.0,47000.0,Germany,Italy,32,64,3359439,0,0
2006.0,France,7,4,3,0,9.0,3.0,52285.71428571428,5.0,2.0,4.0,0.0,54200.0,47500.0,50500.0,50500.0,0.0,6.0,0.5714285714285714,0.0,0.8,-0.8,-1785.7142857142826,-50500.0,Germany,Italy,32,64,3359439,0,0
2006.0,Germany,7,5,1,1,14.0,6.0,65428.57142857143,1.0,6.0,1.0,4.0,72000.0,64333.333333333336,64200.0,72000.0,62250.0,8.0,0.7142857142857143,0.6666666666666666,1.0,-0.33333333333333337,-1228.5714285714275,-9750.0,Germany,Italy,32,64,3359439,1,0
2006.0,Ghana,4,2,0,2,4.0,6.0,48500.0,3.0,1.0,1.0,1.0,51000.0,41000.0,43000.0,45000.0,41000.0,-2.0,0.5,1.0,0.3333333333333333,0.6666666666666667,-5500.0,-4000.0,Germany,Italy,32,64,3359439,0,0
2006.0,IR Iran,1,0,0,1,0.0,2.0,48000.0,1.0,0.0,0.0,0.0,48000.0,0.0,0.0,0.0,0.0,-2.0,0.0,0.0,0.0,0.0,-48000.0,0.0,Germany,Italy,32,64,3359439,0,0
2006.0,Iran,2,0,1,1,2.0,4.0,39500.0,1.0,1.0,0.0,0.0,41000.0,38000.0,0.0,0.0,0.0,-2.0,0.0,0.0,0.0,0.0,-39500.0,0.0,Germany,Italy,32,64,3359439,0,0
2006.0,Italy,7,5,2,0,12.0,2.0,52714.28571428572,2.0,5.0,2.0,3.0,57500.0,50800.0,50800.0,57500.0,46333.333333333336,10.0,0.7142857142857143,0.6,1.0,-0.4,-1914.2857142857174,-11166.666666666664,Germany,Italy,32,64,3359439,0,1
2006.0,Japan,3,0,1,2,2.0,7.0,50666.666666666664,1.0,2.0,0.0,0.0,46000.0,53000.0,0.0,0.0,0.0,-5.0,0.0,0.0,0.0,0.0,-50666.666666666664,0.0,Germany,Italy,32,64,3359439,0,0
2006.0,Korea Republic,3,1,1,1,3.0,4.0,44666.666666666664,2.0,1.0,0.0,1.0,43000.0,48000.0,48000.0,0.0,48000.0,-1.0,0.3333333333333333,1.0,0.0,1.0,3333.3333333333358,48000.0,Germany,Italy,32,64,3359439,0,0
2006.0,Mexico,4,1,1,2,5.0,5.0,44750.0,2.0,2.0,0.0,1.0,47500.0,42000.0,41000.0,0.0,41000.0,0.0,0.25,0.5,0.0,0.5,-3750.0,41000.0,Germany,Italy,32,64,3359439,0,0
2006.0,Netherlands,4,2,1,1,3.0,2.0,46000.0,2.0,2.0,1.0,1.0,42000.0,50000.0,47500.0,43000.0,52000.0,1.0,0.5,0.5,0.5,0.0,1500.0,9000.0,Germany,Italy,32,64,3359439,0,0
2006.0,Paraguay,3,1,0,2,2.0,2.0,55333.333333333336,2.0,1.0,0.0,1.0,60000.0,46000.0,46000.0,0.0,46000.0,0.0,0.3333333333333333,1.0,0.0,1.0,-9333.333333333336,46000.0,Germany,Italy,32,64,3359439,0,0
2006.0,Poland,3,1,0,2,2.0,4.0,53333.333333333336,2.0,1.0,1.0,0.0,54000.0,52000.0,43000.0,43000.0,0.0,-2.0,0.3333333333333333,0.0,0.5,-0.5,-10333.333333333336,-43000.0,Germany,Italy,32,64,3359439,0,0
2006.0,Portugal,7,4,1,2,7.0,5.0,50857.142857142855,3.0,4.0,1.0,3.0,49666.666666666664,51750.0,46500.0,45000.0,47000.0,2.0,0.5714285714285714,0.75,0.3333333333333333,0.4166666666666667,-4357.142857142855,2000.0,Germany,Italy,32,64,3359439,0,0
2006.0,Saudi Arabia,3,0,1,2,2.0,7.0,54000.0,1.0,2.0,0.0,0.0,66000.0,48000.0,0.0,0.0,0.0,-5.0,0.0,0.0,0.0,0.0,-54000.0,0.0,Germany,Italy,32,64,3359439,0,0
2006.0,Spain,4,3,0,1,9.0,4.0,46000.0,1.0,3.0,1.0,2.0,46000.0,46000.0,47000.0,46000.0,47500.0,5.0,0.75,0.6666666666666666,1.0,-0.33333333333333337,1000.0,1500.0,Germany,Italy,32,64,3359439,0,0
2006.0,Sweden,4,1,2,1,3.0,4.0,61489.75,2.0,2.0,0.0,1.0,64479.5,58500.0,72000.0,0.0,72000.0,-1.0,0.25,0.5,0.0,0.5,10510.25,72000.0,Germany,Italy,32,64,3359439,0,0
2006.0,Switzerland,4,2,2,0,4.0,0.0,51250.0,2.0,2.0,1.0,1.0,58500.0,44000.0,54000.0,65000.0,43000.0,4.0,0.5,0.5,0.5,0.0,2750.0,-22000.0,Germany,Italy,32,64,3359439,0,0
2006.0,Togo,3,0,0,3,1.0,6.0,52666.666666666664,1.0,2.0,0.0,0.0,48000.0,55000.0,0.0,0.0,0.0,-5.0,0.0,0.0,0.0,0.0,-52666.666666666664,0.0,Germany,Italy,32,64,3359439,0,0
2006.0,Tunisia,3,0,1,2,3.0,6.0,63333.333333333336,2.0,1.0,0.0,0.0,62000.0,66000.0,0.0,0.0,0.0,-3.0,0.0,0.0,0.0,0.0,-63333.333333333336,0.0,Germany,Italy,32,64,3359439,0,0
2006.0,USA,3,0,1,2,2.0,6.0,46333.333333333336,2.0,1.0,0.0,0.0,43500.0,52000.0,0.0,0.0,0.0,-4.0,0.0,0.0,0.0,0.0,-46333.333333333336,0.0,Germany,Italy,32,64,3359439,0,0
2006.0,Ukraine,5,2,1,2,5.0,7.0,52000.0,4.0,1.0,1.0,1.0,47000.0,72000.0,61000.0,50000.0,72000.0,-2.0,0.4,1.0,0.25,0.75,9000.0,22000.0,Germany,Italy,32,64,3359439,0,0
2006.0,"rn"">Serbia and Montenegro",3,0,0,3,2.0,10.0,53666.666666666664,2.0,1.0,0.0,0.0,59000.0,43000.0,0.0,0.0,0.0,-8.0,0.0,0.0,0.0,0.0,-53666.666666666664,0.0,Germany,Italy,32,64,3359439,0,0
2006.0,"rn"">Trinidad and Tobago",3,0,1,2,0.0,4.0,49986.333333333336,2.0,1.0,0.0,0.0,43500.0,62959.0,0.0,0.0,0.0,-4.0,0.0,0.0,0.0,0.0,-49986.333333333336,0.0,Germany,Italy,32,64,3359439,0,0
2010.0,Algeria,3,0,1,2,0.0,2.0,43417.333333333336,2.0,1.0,0.0,0.0,49963.5,30325.0,0.0,0.0,0.0,-2.0,0.0,0.0,0.0,0.0,-43417.333333333336,0.0,South Africa,Spain,32,64,3178856,0,0
2010.0,Argentina,5,4,0,1,10.0,6.0,65045.6,1.0,4.0,1.0,3.0,38891.0,71584.25,65282.0,38891.0,74079.0,4.0,0.8,0.75,1.0,-0.25,236.40000000000146,35188.0,South Africa,Spain,32,64,3178856,0,0
2010.0,Australia,3,1,1,1,3.0,6.0,45102.666666666664,2.0,1.0,0.0,1.0,48736.0,37836.0,37836.0,0.0,37836.0,-3.0,0.3333333333333333,1.0,0.0,1.0,-7266.666666666664,37836.0,South Africa,Spain,32,64,3178856,0,0
2010.0,Brazil,5,3,1,1,9.0,4.0,59156.0,2.0,3.0,0.0,3.0,51449.0,64294.0,64294.0,0.0,64294.0,5.0,0.6,1.0,0.0,1.0,5138.0,64294.0,South Africa,Spain,32,64,3178856,0,0
2010.0,Cameroon,3,0,0,3,2.0,5.0,43929.0,1.0,2.0,0.0,0.0,30620.0,50583.5,0.0,0.0,0.0,-3.0,0.0,0.0,0.0,0.0,-43929.0,0.0,South Africa,Spain,32,64,3178856,0,0
2010.0,Chile,4,2,0,2,3.0,5.0,40897.5,2.0,2.0,1.0,1.0,43380.0,38415.0,33768.0,32664.0,34872.0,-2.0,0.5,0.5,0.5,0.0,-7129.5,2208.0,South Africa,Spain,32,64,3178856,0,0
2010.0,C�te d'Ivoire,3,1,1,1,4.0,3.0,52084.0,2.0,1.0,1.0,0.0,59609.0,37034.0,34763.0,34763.0,0.0,1.0,0.3333333333333333,0.0,0.5,-0.5,-17321.0,-34763.0,South Africa,Spain,32,64,3178856,0,0
2010.0,Denmark,3,1,0,2,3.0,6.0,49835.333333333336,2.0,1.0,1.0,0.0,60769.5,27967.0,38074.0,38074.0,0.0,-3.0,0.3333333333333333,0.0,0.5,-0.5,-11761.333333333336,-38074.0,South Africa,Spain,32,64,3178856,0,0
2010.0,England,4,1,2,1,3.0,5.0,45037.25,2.0,2.0,1.0,0.0,38701.5,51373.0,36893.0,36893.0,0.0,-2.0,0.25,0.0,0.5,-0.5,-8144.25,-36893.0,South Africa,Spain,32,64,3178856,0,0
2010.0,France,3,0,1,2,1.0,4.0,46295.0,1.0,2.0,0.0,0.0,64100.0,37392.5,0.0,0.0,0.0,-3.0,0.0,0.0,0.0,0.0,-46295.0,0.0,South Africa,Spain,32,64,3178856,0,0
2010.0,Germany,7,5,0,2,16.0,5.0,55167.0,3.0,4.0,3.0,2.0,61248.333333333336,50606.0,57383.0,61248.333333333336,51585.0,11.0,0.7142857142857143,0.5,1.0,-0.5,2216.0,-9663.333333333336,South Africa,Spain,32,64,3178856,0,0
2010.0,Ghana,5,2,2,1,5.0,4.0,55205.8,3.0,2.0,2.0,0.0,52608.666666666664,59101.5,36904.5,36904.5,0.0,1.0,0.4,0.0,0.6666666666666666,-0.6666666666666666,-18301.300000000003,-36904.5,South Africa,Spain,32,64,3178856,0,0
2010.0,Greece,3,1,0,2,2.0,5.0,33999.0,1.0,2.0,0.0,1.0,31513.0,35242.0,31593.0,0.0,31593.0,-3.0,0.3333333333333333,0.5,0.0,0.5,-2406.0,31593.0,South Africa,Spain,32,64,3178856,0,0
2010.0,Honduras,3,0,1,2,0.0,3.0,38364.0,2.0,1.0,0.0,0.0,41214.0,32664.0,0.0,0.0,0.0,-3.0,0.0,0.0,0.0,0.0,-38364.0,0.0,South Africa,Spain,32,64,3178856,0,0
2010.0,Italy,3,0,2,1,4.0,5.0,51503.333333333336,1.0,2.0,0.0,0.0,53412.0,50549.0,0.0,0.0,0.0,-1.0,0.0,0.0,0.0,0.0,-51503.333333333336,0.0,South Africa,Spain,32,64,3178856,0,0
2010.0,Japan,4,2,1,1,4.0,2.0,39334.75,3.0,1.0,1.0,1.0,42239.666666666664,30620.0,29293.5,27967.0,30620.0,2.0,0.5,1.0,0.3333333333333333,0.6666666666666667,-10041.25,2653.0,South Africa,Spain,32,64,3178856,0,0
2010.0,Korea DPR,3,0,0,3,1.0,12.0,50912.666666666664,2.0,1.0,0.0,0.0,58987.5,34763.0,0.0,0.0,0.0,-11.0,0.0,0.0,0.0,0.0,-50912.666666666664,0.0,South Africa,Spain,32,64,3178856,0,0
2010.0,Korea Republic,4,1,1,2,6.0,8.0,51539.5,3.0,1.0,0.0,1.0,58215.0,31513.0,31513.0,0.0,31513.0,-2.0,0.25,1.0,0.0,1.0,-20026.5,31513.0,South Africa,Spain,32,64,3178856,0,0
2010.0,Mexico,4,1,1,2,4.0,5.0,59415.5,3.0,1.0,1.0,0.0,68079.0,33425.0,35370.0,35370.0,0.0,-1.0,0.25,0.0,0.3333333333333333,-0.3333333333333333,-24045.5,-35370.0,South Africa,Spain,32,64,3178856,0,0
2010.0,Netherlands,7,6,0,1,12.0,6.0,65383.57142857143,2.0,5.0,2.0,4.0,62786.0,66422.6,62199.166666666664,62786.0,61905.75,6.0,0.8571428571428571,0.8,1.0,-0.19999999999999996,-3184.4047619047633,-880.25,South Africa,Spain,32,64,3178856,0,0
2010.0,New Zealand,3,0,3,0,2.0,2.0,32316.666666666668,2.0,1.0,0.0,0.0,36539.5,23871.0,0.0,0.0,0.0,0.0,0.0,0.0,0.0,0.0,-32316.666666666668,0.0,South Africa,Spain,32,64,3178856,0,0
2010.0,Nigeria,3,0,1,2,3.0,5.0,49717.666666666664,2.0,1.0,0.0,0.0,43639.5,61874.0,0.0,0.0,0.0,-2.0,0.0,0.0,0.0,0.0,-49717.666666666664,0.0,South Africa,Spain,32,64,3178856,0,0
2010.0,Paraguay,5,1,3,1,3.0,2.0,43292.6,2.0,3.0,1.0,0.0,44756.0,42317.0,26643.0,26643.0,0.0,1.0,0.2,0.0,0.5,-0.5,-16649.6,-26643.0,South Africa,Spain,32,64,3178856,0,0
2010.0,Portugal,4,1,2,1,7.0,1.0,56586.25,2.0,2.0,0.0,1.0,49994.5,63178.0,63644.0,0.0,63644.0,6.0,0.25,0.5,0.0,0.5,7057.75,63644.0,South Africa,Spain,32,64,3178856,0,0
2010.0,Serbia,3,1,0,2,2.0,3.0,38321.0,2.0,1.0,1.0,0.0,38065.0,38833.0,38294.0,38294.0,0.0,-1.0,0.3333333333333333,0.0,0.5,-0.5,-27.0,-38294.0,South Africa,Spain,32,64,3178856,0,0
2010.0,Slovakia,4,1,1,2,5.0,7.0,41472.0,2.0,2.0,0.0,1.0,42916.5,40027.5,53412.0,0.0,53412.0,-2.0,0.25,0.5,0.0,0.5,11940.0,53412.0,South Africa,Spain,32,64,3178856,0,0
2010.0,Slovenia,3,1,1,1,3.0,3.0,37597.0,1.0,2.0,1.0,0.0,30325.0,41233.0,30325.0,30325.0,0.0,0.0,0.3333333333333333,0.0,1.0,-1.0,-7272.0,-30325.0,South Africa,Spain,32,64,3178856,0,0
2010.0,South Africa,3,1,1,1,3.0,5.0,55521.0,1.0,2.0,1.0,0.0,39415.0,63574.0,39415.0,39415.0,0.0,-2.0,0.3333333333333333,0.0,1.0,-1.0,-16106.0,-39415.0,South Africa,Spain,32,64,3178856,1,0
2010.0,Spain,7,6,0,1,8.0,2.0,60365.857142857145,4.0,3.0,4.0,2.0,60691.75,59931.333333333336,60018.0,60691.75,58670.5,6.0,0.8571428571428571,0.6666666666666666,1.0,-0.33333333333333337,-347.85714285714494,-2021.25,South Africa,Spain,32,64,3178856,0,1
2010.0,Switzerland,3,1,1,1,1.0,1.0,41789.0,2.0,1.0,1.0,0.0,48662.5,28042.0,62453.0,62453.0,0.0,0.0,0.3333333333333333,0.0,0.5,-0.5,20664.0,-62453.0,South Africa,Spain,32,64,3178856,0,0
2010.0,USA,4,1,2,1,5.0,5.0,38755.5,2.0,2.0,0.0,1.0,42109.5,35401.5,35827.0,0.0,35827.0,0.0,0.25,0.5,0.0,0.5,-2928.5,35827.0,South Africa,Spain,32,64,3178856,0,0
2010.0,Uruguay,7,3,2,2,11.0,8.0,50504.28571428572,2.0,5.0,2.0,1.0,38041.5,55489.4,35560.0,38041.5,30597.0,3.0,0.42857142857142855,0.2,1.0,-0.8,-14944.285714285717,-7444.5,South Africa,Spain,32,64,3178856,0,0
2014.0,Algeria,5,1,1,3,8.0,9.0,46281.0,4.0,1.0,1.0,0.0,49766.0,39311.0,42732.0,42732.0,0.0,-1.0,0.2,0.0,0.25,-0.25,-3549.0,-42732.0,Brazil,Germany,32,64,3386810,0,0
2014.0,Argentina,11,7,2,2,10.0,5.0,65031.181818181816,5.0,6.0,1.0,6.0,63859.0,66008.0,62761.857142857145,43285.0,66008.0,5.0,0.6363636363636364,1.0,0.2,0.8,-2269.3246753246713,22723.0,Brazil,Germany,32,64,3386810,0,0
2014.0,Australia,3,0,0,3,3.0,9.0,40842.333333333336,1.0,2.0,0.0,0.0,40275.0,41126.0,0.0,0.0,0.0,-6.0,0.0,0.0,0.0,0.0,-40842.333333333336,0.0,Brazil,Germany,32,64,3386810,0,0
2014.0,Belgium,7,5,0,2,8.0,5.0,61653.142857142855,3.0,4.0,1.0,4.0,66166.33333333333,58268.25,58894.0,61397.0,58268.25,3.0,0.7142857142857143,1.0,0.3333333333333333,0.6666666666666667,-2759.142857142855,-3128.75,Brazil,Germany,32,64,3386810,0,0
2014.0,Brazil,11,4,3,4,15.0,26.0,61819.90909090909,1.0,10.0,1.0,3.0,69112.0,61090.7,62974.75,69112.0,60929.0,-11.0,0.36363636363636365,0.3,1.0,-0.7,1154.8409090909117,-8183.0,Brazil,Germany,32,64,3386810,1,0
2014.0,Cameroon,3,0,0,3,1.0,9.0,49436.666666666664,1.0,2.0,0.0,0.0,39216.0,54547.0,0.0,0.0,0.0,-8.0,0.0,0.0,0.0,0.0,-49436.666666666664,0.0,Brazil,Germany,32,64,3386810,0,0
2014.0,Chile,5,2,2,1,7.0,5.0,58560.0,4.0,1.0,1.0,1.0,63131.25,40275.0,57188.0,74101.0,40275.0,2.0,0.4,1.0,0.25,0.75,-1372.0,-33826.0,Brazil,Germany,32,64,3386810,0,0
2014.0,Colombia,7,5,0,2,15.0,6.0,62079.142857142855,3.0,4.0,1.0,4.0,53674.666666666664,68382.5,62774.0,40340.0,68382.5,9.0,0.7142857142857143,1.0,0.3333333333333333,0.6666666666666667,694.8571428571449,28042.5,Brazil,Germany,32,64,3386810,0,0
2014.0,Costa Rica,7,2,5,0,6.0,3.0,48804.142857142855,4.0,3.0,2.0,0.0,50330.5,46769.0,49482.0,49482.0,0.0,3.0,0.2857142857142857,0.0,0.5,-0.5,677.8571428571449,-49482.0,Brazil,Germany,32,64,3386810,0,0
2014.0,Croatia,3,1,0,2,6.0,6.0,47765.666666666664,2.0,1.0,1.0,0.0,51042.5,41212.0,39982.0,39982.0,0.0,0.0,0.3333333333333333,0.0,0.5,-0.5,-7783.666666666664,-39982.0,Brazil,Germany,32,64,3386810,0,0
2014.0,C�te d'Ivoire,3,1,0,2,4.0,5.0,56036.666666666664,2.0,1.0,0.0,1.0,63921.5,40267.0,40267.0,0.0,40267.0,-1.0,0.3333333333333333,1.0,0.0,1.0,-15769.666666666664,40267.0,Brazil,Germany,32,64,3386810,0,0
2014.0,Ecuador,3,1,1,1,3.0,3.0,60441.333333333336,2.0,1.0,1.0,0.0,53787.5,73749.0,39224.0,39224.0,0.0,0.0,0.3333333333333333,0.0,0.5,-0.5,-21217.333333333336,-39224.0,Brazil,Germany,32,64,3386810,0,0
2014.0,England,3,0,1,2,2.0,4.0,53399.333333333336,2.0,1.0,0.0,0.0,60199.0,39800.0,0.0,0.0,0.0,-2.0,0.0,0.0,0.0,0.0,-53399.333333333336,0.0,Brazil,Germany,32,64,3386810,0,0
2014.0,France,7,4,1,2,12.0,4.0,64572.57142857143,2.0,5.0,1.0,3.0,62376.0,65451.2,57444.75,51003.0,59592.0,8.0,0.5714285714285714,0.6,0.5,0.09999999999999998,-7127.8214285714275,8589.0,Brazil,Germany,32,64,3386810,0,0
2014.0,Germany,11,10,1,0,29.0,6.0,62979.555555555555,5.0,6.0,5.0,5.0,61327.6,65044.5,63399.375,61327.6,66852.33333333333,23.0,0.9090909090909091,0.8333333333333334,1.0,-0.16666666666666663,419.81944444444525,5524.73333333333,Brazil,Germany,32,64,3386810,0,1
2014.0,Ghana,3,0,1,2,4.0,6.0,55640.333333333336,2.0,1.0,0.0,0.0,63580.5,39760.0,0.0,0.0,0.0,-2.0,0.0,0.0,0.0,0.0,-55640.333333333336,0.0,Brazil,Germany,32,64,3386810,0,0
2014.0,Greece,5,1,3,1,4.0,6.0,47647.6,4.0,1.0,0.0,1.0,44785.75,59095.0,59095.0,0.0,59095.0,-2.0,0.2,1.0,0.0,1.0,11447.400000000001,59095.0,Brazil,Germany,32,64,3386810,0,0
2014.0,Honduras,3,0,0,3,1.0,8.0,40852.666666666664,1.0,2.0,0.0,0.0,43012.0,39773.0,0.0,0.0,0.0,-7.0,0.0,0.0,0.0,0.0,-40852.666666666664,0.0,Brazil,Germany,32,64,3386810,0,0
2014.0,IR Iran,3,0,1,2,1.0,4.0,48263.333333333336,2.0,1.0,0.0,0.0,52854.5,39081.0,0.0,0.0,0.0,-3.0,0.0,0.0,0.0,0.0,-48263.333333333336,0.0,Brazil,Germany,32,64,3386810,0,0
2014.0,Italy,3,1,0,2,2.0,3.0,39930.333333333336,1.0,2.0,1.0,0.0,39800.0,39995.5,39800.0,39800.0,0.0,-1.0,0.3333333333333333,0.0,1.0,-1.0,-130.33333333333576,-39800.0,Brazil,Germany,32,64,3386810,0,0
2014.0,Japan,3,0,1,2,2.0,6.0,40030.666666666664,1.0,2.0,0.0,0.0,40267.0,39912.5,0.0,0.0,0.0,-4.0,0.0,0.0,0.0,0.0,-40030.666666666664,0.0,Brazil,Germany,32,64,3386810,0,0
2014.0,Korea Republic,3,0,1,2,3.0,6.0,47244.0,1.0,2.0,0.0,0.0,37603.0,52064.5,0.0,0.0,0.0,-3.0,0.0,0.0,0.0,0.0,-47244.0,0.0,Brazil,Germany,32,64,3386810,0,0
2014.0,Mexico,5,2,1,2,6.0,5.0,51680.8,4.0,1.0,1.0,1.0,54797.0,39216.0,40214.0,41212.0,39216.0,1.0,0.4,1.0,0.25,0.75,-11466.800000000003,-1996.0,Brazil,Germany,32,64,3386810,0,0
2014.0,Netherlands,11,7,4,0,20.0,5.0,57876.36363636364,4.0,7.0,4.0,3.0,56779.5,58503.142857142855,58249.71428571428,56779.5,60210.0,15.0,0.6363636363636364,0.42857142857142855,1.0,-0.5714285714285714,373.3506493506429,3430.5,Brazil,Germany,32,64,3386810,0,0
2014.0,Nigeria,5,1,1,3,3.0,7.0,51725.8,3.0,2.0,0.0,1.0,58281.666666666664,41892.0,40499.0,0.0,40499.0,-4.0,0.2,0.5,0.0,0.5,-11226.800000000003,40499.0,Brazil,Germany,32,64,3386810,0,0
2014.0,Portugal,3,1,1,1,4.0,7.0,52914.666666666664,2.0,1.0,0.0,1.0,45602.0,67540.0,67540.0,0.0,67540.0,-3.0,0.3333333333333333,1.0,0.0,1.0,14625.333333333336,67540.0,Brazil,Germany,32,64,3386810,0,0
2014.0,Russia,3,0,2,1,2.0,3.0,50244.333333333336,2.0,1.0,0.0,0.0,56565.0,37603.0,0.0,0.0,0.0,-1.0,0.0,0.0,0.0,0.0,-50244.333333333336,0.0,Brazil,Germany,32,64,3386810,0,0
2014.0,Spain,3,1,0,2,4.0,7.0,53883.0,1.0,2.0,1.0,0.0,39375.0,61137.0,39375.0,39375.0,0.0,-3.0,0.3333333333333333,0.0,1.0,-1.0,-14508.0,-39375.0,Brazil,Germany,32,64,3386810,0,0
2014.0,Switzerland,5,2,0,3,7.0,8.0,57237.2,3.0,2.0,1.0,1.0,55610.666666666664,59677.0,54336.5,40322.0,68351.0,-1.0,0.4,0.5,0.3333333333333333,0.16666666666666669,-2900.699999999997,28029.0,Brazil,Germany,32,64,3386810,0,0
2014.0,USA,5,1,1,3,6.0,8.0,44842.6,3.0,2.0,1.0,0.0,47404.666666666664,40999.5,39760.0,39760.0,0.0,-2.0,0.2,0.0,0.3333333333333333,-0.3333333333333333,-5082.5999999999985,-39760.0,Brazil,Germany,32,64,3386810,0,0
2014.0,Uruguay,5,2,0,3,4.0,8.0,61713.6,3.0,2.0,1.0,1.0,62438.0,60627.0,51140.5,39706.0,62575.0,-4.0,0.4,0.5,0.3333333333333333,0.16666666666666669,-10573.099999999999,22869.0,Brazil,Germany,32,64,3386810,0,0
2014.0,"rn"">Bosnia and Herzegovina",3,1,0,2,4.0,4.0,54416.0,2.0,1.0,0.0,1.0,57618.5,48011.0,48011.0,0.0,48011.0,0.0,0.3333333333333333,1.0,0.0,1.0,-6405.0,48011.0,Brazil,Germany,32,64,3386810,0,0
